{"en":{"numberFormat":"en-US","header":"Subscribe and get 1 day free trial","chargesDeducted":"(15% VAT, 1% SC applicable)","product":"For <strong>{productDescription} - {periodCap} Subscription</strong>","prefilledMsisdn":"Mobile number: {prefilledMsisdn}","userProvidedPhoneNumber":"Enter mobile number:","pinSentMessage":"An OTP SMS has been sent to the given phone number","wrongPinMessage":"Wrong OTP. Please try again.","wrongPhoneNumberMessage":"Illegal mobile number. Please try again.","validationAttemptsUsed":"No more attempts","wrongTuringMessage":"The numbers did not match. Please try again.","pinInput":"Please enter OTP:","linkResendPin":"Resend OTP sms","resendPinInSeconds":"Resend OTP in {waitToResendPinSeconds} sec.","requestPinButton":"Get OTP","consentConfirmed":"Consent validation successful. Please wait for charge to complete..","consentDenied":"Consent validation cancelled!","deniedRedirectMessage":"Purchase cancelled. Redirecting...","confirmingMessage":"Please wait while confirming...","requestingPinMessage":"Requesting pin...","okButton":"Confirm","denyButton":"Cancel","daily":"daily","weekly":"weekly","monthly":"monthly","yearly":"yearly","day":"day","week":"week","month":"month","year":"year","days":"দিন ","weeks":"সপ্তাহ ","months":"মাস","years":"বছর ","turingTest":"Please type the numbers in the box below","priceFreeTrial":"You will be charged TAKA <strong>{price}</strong> / {periodSingular} excluding tax after the free trial","price":"<span> {periodCap} {price} Taka </strong>","confirmPurchaseButtonText":"Pay with GP Mobile Balance","language":"English","sliderTest":"Move slider to confirm:","check":"","awaitingSmsMoMessage":"","errorRedirectMessage":"","acknowledgement":"I acknowledge and accept that recurring charges for {productDescription} will be made to my mobile balance","gp-text":"অপারেটর বিলিং - Operator Billing"}}