"Click Id","Subs Date","Unsubs Date"
35611829,"2024-03-01 00:30:15","2024-03-01 00:38:04"
56381829,"2024-03-01 00:50:26","2024-03-01 01:19:23"
1791929,"2024-03-01 01:02:47","2024-03-01 01:03:56"
39061929,"2024-03-01 01:49:50","2024-03-01 01:52:15"
18942029,"2024-03-01 02:36:00","2024-03-01 02:38:41"
7300201,"2024-03-01 08:16:47","2024-03-01 08:19:51"
14110401,"2024-03-01 10:23:05","2024-03-01 10:26:50"
17900401,"2024-03-01 10:28:49","2024-03-01 10:30:20"
28860601,"2024-03-01 12:37:11","2024-03-01 12:45:03"
11320701,"2024-03-01 13:18:53","2024-03-01 13:25:04"
16350701,"2024-03-01 13:28:19","2024-03-01 13:30:17"
11011001,"2024-03-01 16:16:04","2024-03-01 16:17:15"
33541001,"2024-03-01 16:50:49","2024-03-01 16:52:04"
4611301,"2024-03-01 19:07:29","2024-03-01 19:14:01"
2241601,"2024-03-01 21:56:46","2024-03-01 22:04:42"
45741801,"2024-03-02 00:49:20","2024-03-02 01:03:47"
33991901,"2024-03-02 01:52:39","2024-03-02 09:33:55"
4250102,"2024-03-02 07:16:00","2024-03-02 07:17:55"
8550202,"2024-03-02 08:22:38","2024-03-02 08:23:56"
12740302,"2024-03-02 09:32:43","2024-03-02 09:35:11"
29200302,"2024-03-02 09:58:30","2024-03-02 10:25:19"
25100702,"2024-03-02 13:50:21","2024-03-02 13:53:03"
14131002,"2024-03-02 16:24:36","2024-03-02 16:26:01"
28501002,"2024-04-08 22:42:58","2024-04-08 22:44:46"
46581608,"2024-04-08 22:42:58","2024-04-08 22:44:46"
15651502,"2024-03-02 21:19:34","2024-03-02 21:20:36"
53541702,"2024-03-02 23:49:20","2024-03-02 23:51:54"
26471802,"2024-03-03 00:26:49","2024-03-03 00:44:00"
45371802,"2024-03-15 23:08:13","2024-03-15 23:08:45"
10531715,"2024-03-15 23:08:13","2024-03-15 23:08:45"
1532202,"2024-03-03 04:09:22","2024-03-03 04:10:54"
3780603,"2024-03-03 12:08:56","2024-03-03 14:28:11"
21040803,"2024-03-03 14:35:49","2024-03-03 14:37:20"
29350803,"2024-03-03 14:50:02","2024-03-03 15:01:24"
15620206,"2024-04-04 03:13:47","2024-04-04 04:47:41"
17030903,"2024-03-03 15:30:26","2024-03-03 19:13:04"
19321003,"2024-03-03 16:42:48","2024-03-03 16:44:43"
25641003,"2024-03-03 16:57:01","2024-03-03 16:57:54"
6331103,"2024-03-03 17:20:58","2024-03-03 17:29:20"
21891103,"2024-03-03 17:43:47","2024-03-03 18:05:58"
13541503,"2024-03-03 21:17:11","2024-03-03 22:13:21"
44871503,"2024-03-03 21:54:12","2024-03-03 22:00:10"
16891603,"2024-03-03 22:19:41","2024-03-03 22:21:45"
29821703,"2024-03-03 23:26:16","2024-03-03 23:27:01"
37951703,"2024-03-03 23:34:23","2024-03-03 23:38:18"
9352103,"2024-03-04 03:45:42","2024-03-04 03:49:40"
22480304,"2024-03-04 09:50:44","2024-03-04 09:54:28"
14360504,"2024-03-04 11:31:53","2024-03-04 11:44:11"
17020804,"2024-03-04 14:38:37","2024-03-04 22:12:50"
6890904,"2024-03-04 15:14:08","2024-03-04 15:15:10"
22860904,"2024-03-04 15:46:23","2024-03-04 15:50:58"
2531004,"2024-03-04 16:05:20","2024-03-04 16:17:21"
18631304,"2024-03-04 19:40:16","2024-03-04 19:41:32"
19201604,"2024-03-04 22:26:55","2024-03-04 22:31:46"
22351604,"2024-03-04 22:31:00","2024-03-04 22:32:01"
2101704,"2024-03-04 23:02:53","2024-03-04 23:03:59"
8841704,"2024-03-04 23:11:09","2024-03-04 23:12:59"
23761704,"2024-03-04 23:28:29","2024-03-04 23:35:19"
33781704,"2024-03-04 23:39:39","2024-03-04 23:42:22"
37131704,"2024-03-04 23:42:59","2024-03-04 23:45:22"
40161804,"2024-03-05 00:48:47","2024-03-05 00:51:47"
20711904,"2024-03-14 16:25:41","2024-03-14 16:27:04"
16891014,"2024-03-14 16:25:41","2024-03-14 16:27:04"
25231904,"2024-03-05 01:40:39","2024-03-05 01:42:08"
242004,"2024-03-05 02:01:02","2024-03-05 02:02:22"
14772004,"2024-03-05 02:38:20","2024-03-05 02:40:27"
19700105,"2024-03-05 07:58:15","2024-03-05 08:06:51"
2610205,"2024-03-05 08:08:19","2024-03-05 08:09:47"
7530205,"2024-03-05 08:20:15","2024-03-05 18:45:11"
23570305,"2024-03-05 09:57:01","2024-03-05 09:58:24"
16980505,"2024-03-05 11:39:38","2024-03-05 11:40:28"
9600605,"2024-03-05 12:19:26","2024-03-05 14:07:41"
10400605,"2024-03-05 12:20:42","2024-03-05 12:26:17"
24280605,"2024-03-05 12:49:31","2024-03-05 12:50:36"
8270705,"2024-03-05 13:20:54","2024-03-05 13:24:24"
28380805,"2024-03-05 14:48:56","2024-03-05 14:50:52"
11261005,"2024-03-05 16:25:04","2024-03-05 16:31:51"
5591105,"2024-03-05 17:16:12","2024-03-05 17:17:43"
12681105,"2024-03-05 17:34:45","2024-03-05 17:35:30"
2281305,"2024-03-05 19:06:17","2024-03-05 19:07:07"
2551505,"2024-03-05 21:05:23","2024-03-05 21:11:36"
4301505,"2024-03-05 21:08:40","2024-03-05 21:18:39"
29171505,"2024-03-05 21:53:58","2024-03-05 22:11:01"
22991605,"2024-03-05 22:37:28","2024-03-05 22:42:06"
8851705,"2024-03-05 23:12:35","2024-03-05 23:14:40"
10311705,"2024-03-05 23:14:32","2024-03-05 23:16:18"
19061705,"2024-03-05 23:25:08","2024-03-05 23:26:41"
20791705,"2024-03-05 23:27:19","2024-03-05 23:50:37"
8290206,"2024-03-06 08:26:46","2024-03-06 08:31:59"
16030306,"2024-03-06 09:45:58","2024-03-06 10:10:44"
9950506,"2024-03-06 11:22:42","2024-03-06 11:29:52"
6050806,"2024-03-06 14:10:30","2024-03-06 14:13:12"
20660806,"2024-03-06 14:38:16","2024-03-06 14:39:00"
21860806,"2024-03-06 14:41:33","2024-03-06 14:42:55"
22520806,"2024-03-06 14:42:27","2024-03-06 14:43:24"
23410806,"2024-03-06 14:43:46","2024-03-06 14:45:01"
28850806,"2024-03-06 14:55:01","2024-03-06 15:22:12"
22251006,"2024-03-06 16:52:35","2024-03-06 16:56:27"
20731206,"2024-03-06 18:44:17","2024-03-06 18:45:44"
14391306,"2024-03-06 19:29:55","2024-03-06 19:37:34"
8161406,"2024-03-06 20:16:57","2024-03-06 20:24:50"
23601506,"2024-03-06 21:34:41","2024-03-06 21:35:06"
33181706,"2024-03-06 23:33:51","2024-03-06 23:39:32"
841906,"2024-03-07 01:01:12","2024-03-07 01:03:01"
26661906,"2024-03-07 01:30:35","2024-03-07 01:40:20"
11492006,"2024-03-07 02:22:21","2024-03-07 02:23:26"
24552006,"2024-03-07 03:00:09","2024-03-07 03:03:57"
12592206,"2024-03-07 04:51:07","2024-03-07 04:52:48"
5272306,"2024-03-07 05:28:01","2024-03-07 05:57:43"
10560107,"2024-03-07 07:23:44","2024-03-07 07:25:14"
24220107,"2024-03-07 07:50:21","2024-03-07 07:52:13"
23870207,"2024-03-07 08:42:34","2024-03-07 08:45:18"
32670207,"2024-03-07 08:57:44","2024-03-07 09:00:58"
32390407,"2024-03-07 10:41:16","2024-03-07 10:43:43"
8120507,"2024-03-07 11:09:48","2024-03-07 11:51:31"
27750507,"2024-03-07 11:33:17","2024-03-07 12:48:16"
15890607,"2024-03-07 12:18:28","2024-03-07 12:22:26"
36060607,"2024-03-07 12:42:44","2024-03-07 12:55:55"
19130807,"2024-03-07 14:36:17","2024-03-07 14:39:11"
19560807,"2024-03-07 14:36:57","2024-03-07 14:40:29"
7800907,"2024-03-07 15:15:16","2024-03-07 15:19:24"
17180907,"2024-03-07 15:32:16","2024-03-07 15:33:39"
23361007,"2024-03-07 16:52:51","2024-03-07 16:53:51"
25311007,"2024-03-07 16:58:11","2024-03-07 17:00:48"
6151207,"2024-03-07 18:15:08","2024-03-07 18:34:33"
13161207,"2024-03-07 18:31:34","2024-03-07 18:33:30"
16451207,"2024-03-07 18:39:06","2024-03-07 18:40:15"
4961307,"2024-03-07 19:10:00","2024-03-07 19:15:50"
7241307,"2024-03-07 19:14:16","2024-03-07 19:16:09"
20801407,"2024-03-07 20:42:56","2024-03-07 20:47:52"
821507,"2024-03-07 21:02:45","2024-03-07 21:04:07"
28861507,"2024-03-07 21:54:08","2024-03-07 21:55:52"
32721507,"2024-03-07 22:00:08","2024-03-07 22:01:21"
5881607,"2024-03-07 22:12:17","2024-03-07 22:14:52"
17771607,"2024-03-07 22:29:21","2024-03-07 22:30:52"
20741607,"2024-03-07 22:33:54","2024-03-07 22:35:27"
45511707,"2024-03-07 23:50:50","2024-03-07 23:51:36"
15851807,"2024-03-08 00:22:01","2024-03-08 18:50:31"
26561807,"2024-03-08 00:35:05","2024-03-08 00:37:10"
45051807,"2024-03-08 00:59:32","2024-03-08 06:07:27"
16081907,"2024-03-08 01:26:11","2024-03-08 01:35:18"
6622207,"2024-03-08 04:36:29","2024-03-08 04:39:30"
4620108,"2024-03-08 07:21:32","2024-03-08 07:23:29"
10670208,"2024-04-09 10:36:48","2024-04-09 10:51:46"
5241202,"2024-04-09 10:36:48","2024-04-09 10:51:46"
2231606,"2024-04-09 10:36:48","2024-04-09 10:51:46"
21020409,"2024-04-09 10:36:48","2024-04-09 10:51:46"
18600208,"2024-03-08 08:45:01","2024-03-08 08:46:49"
22970208,"2024-03-08 08:54:41","2024-03-08 09:41:43"
19330308,"2024-03-08 09:41:13","2024-03-08 22:05:11"
6360508,"2024-03-08 11:11:39","2024-03-08 11:12:51"
19260608,"2024-03-08 12:40:08","2024-03-08 12:42:07"
22380608,"2024-03-08 12:47:01","2024-03-08 12:47:40"
9150808,"2024-03-08 14:17:34","2024-03-08 14:18:15"
17920808,"2024-03-08 14:33:28","2024-03-08 14:35:14"
1201008,"2024-03-08 16:02:20","2024-03-08 16:05:22"
4171008,"2024-03-08 16:07:30","2024-03-08 16:08:13"
4521008,"2024-03-08 16:08:15","2024-03-08 16:09:51"
12131008,"2024-03-08 16:22:01","2024-03-08 16:25:34"
22941008,"2024-03-08 16:42:20","2024-03-08 16:43:37"
22381008,"2024-03-08 16:43:23","2024-03-08 16:46:48"
1761208,"2024-03-08 18:03:05","2024-03-08 18:05:38"
37931308,"2024-03-08 19:52:26","2024-03-08 19:54:32"
30221408,"2024-03-08 20:41:10","2024-03-08 20:42:50"
15151508,"2024-03-08 21:19:54","2024-03-08 21:23:35"
43101508,"2024-03-08 21:50:21","2024-03-08 21:51:44"
3421608,"2024-03-08 22:04:14","2024-03-08 22:06:40"
7321608,"2024-03-08 22:08:26","2024-03-08 22:10:58"
14061608,"2024-03-08 22:15:27","2024-03-08 22:16:25"
21961708,"2024-03-08 23:21:08","2024-03-08 23:26:50"
39691708,"2024-03-08 23:38:09","2024-03-08 23:40:39"
47571708,"2024-03-08 23:46:07","2024-03-08 23:48:48"
34841808,"2024-03-09 00:31:23","2024-03-09 00:32:16"
36931808,"2024-03-09 00:32:45","2024-03-09 00:57:20"
11241908,"2024-03-09 01:14:26","2024-03-09 01:22:22"
19841908,"2024-03-09 02:33:13","2024-03-09 03:27:58"
17690109,"2024-03-09 07:46:20","2024-03-09 23:58:37"
21800209,"2024-03-09 08:49:33","2024-03-09 16:39:13"
12920309,"2024-03-09 09:23:44","2024-03-09 10:14:48"
19950609,"2024-03-09 12:36:05","2024-03-09 12:42:29"
26790609,"2024-03-09 12:47:11","2024-03-09 12:49:04"
28190609,"2024-03-09 12:50:38","2024-03-09 12:52:19"
21770709,"2024-03-09 13:35:13","2024-03-09 13:35:52"
35430809,"2024-03-09 15:00:54","2024-03-09 15:02:09"
28520909,"2024-03-09 15:44:56","2024-03-09 15:48:17"
1661109,"2024-03-09 17:03:38","2024-03-09 17:04:46"
17771109,"2024-03-09 17:36:05","2024-03-09 17:37:12"
671209,"2024-03-09 18:01:59","2024-03-09 18:03:31"
341309,"2024-03-09 19:01:15","2024-03-09 19:08:44"
9161309,"2024-03-09 19:15:08","2024-03-09 19:16:32"
15081309,"2024-03-09 19:25:15","2024-03-09 19:26:23"
16791309,"2024-03-09 19:27:55","2024-03-09 19:29:55"
22001309,"2024-03-09 19:36:16","2024-03-09 19:38:15"
30471309,"2024-03-09 19:49:07","2024-03-09 19:50:59"
3191409,"2024-03-09 20:05:21","2024-03-09 20:11:54"
12431409,"2024-03-09 20:19:31","2024-03-09 20:22:27"
22661409,"2024-03-09 20:34:20","2024-03-09 20:35:37"
28191409,"2024-03-09 20:42:22","2024-03-09 20:48:16"
28711409,"2024-03-09 20:43:12","2024-03-09 20:45:21"
30021409,"2024-03-09 20:45:11","2024-03-09 20:52:40"
861509,"2024-03-09 21:02:28","2024-03-09 21:06:05"
8501509,"2024-03-09 21:12:37","2024-03-09 21:14:22"
9271509,"2024-03-09 21:13:32","2024-03-09 21:14:17"
14111509,"2024-03-09 21:20:15","2024-03-09 21:30:35"
18291509,"2024-03-09 21:26:58","2024-03-09 21:40:25"
25131509,"2024-03-09 21:35:53","2024-03-09 21:38:27"
7481609,"2024-03-09 22:10:09","2024-03-09 22:11:34"
11631609,"2024-03-09 22:14:28","2024-03-09 22:22:10"
19031609,"2024-03-09 22:28:13","2024-03-09 22:32:36"
29591709,"2024-03-09 23:32:16","2024-03-09 23:37:34"
57611809,"2024-03-10 00:53:14","2024-03-10 00:57:24"
15901909,"2024-03-11 07:58:08","2024-03-11 07:59:22"
31411909,"2024-03-10 01:45:13","2024-03-10 01:46:38"
24480210,"2024-03-10 08:55:11","2024-03-10 08:56:24"
22500310,"2024-03-10 09:48:12","2024-03-10 09:50:14"
7180410,"2024-03-10 10:16:47","2024-03-10 10:33:59"
7890410,"2024-03-10 10:18:47","2024-03-10 10:21:16"
26830410,"2024-03-10 10:54:16","2024-03-10 10:56:59"
1100610,"2024-03-10 12:03:20","2024-03-10 12:08:09"
13440610,"2024-03-10 12:29:37","2024-03-10 14:24:34"
21890610,"2024-03-10 12:46:40","2024-03-10 12:48:03"
29580810,"2024-03-10 14:58:04","2024-03-10 15:00:04"
25611110,"2024-03-10 17:53:02","2024-03-10 17:54:17"
9611210,"2024-03-11 00:08:14","2024-03-11 00:18:05"
2281310,"2024-03-10 19:04:47","2024-03-10 19:05:34"
10121310,"2024-03-10 19:22:25","2024-03-10 19:23:08"
11091310,"2024-03-10 19:25:18","2024-03-10 19:29:19"
13211310,"2024-03-10 19:28:14","2024-03-10 19:31:47"
26021410,"2024-03-10 20:40:28","2024-03-10 20:41:51"
37111410,"2024-03-10 20:57:21","2024-03-10 21:00:59"
28341510,"2024-03-10 21:39:08","2024-03-10 21:40:41"
37961510,"2024-03-10 21:51:41","2024-03-10 21:52:59"
32781610,"2024-03-10 22:36:21","2024-03-10 22:39:51"
56711710,"2024-03-10 23:43:30","2024-03-10 23:46:20"
23311810,"2024-03-11 00:17:56","2024-03-11 00:19:16"
3241910,"2024-03-11 01:04:00","2024-03-11 01:36:17"
12742010,"2024-03-11 02:25:12","2024-03-11 02:26:10"
8022110,"2024-03-11 03:25:05","2024-03-11 03:25:55"
7932110,"2024-03-11 03:25:06","2024-03-11 04:05:58"
942210,"2024-03-11 04:04:04","2024-03-11 04:04:31"
25750211,"2024-03-11 08:51:45","2024-03-11 10:44:33"
1450311,"2024-03-11 09:03:25","2024-03-11 09:11:05"
7220311,"2024-03-11 09:14:19","2024-03-11 09:14:57"
22180311,"2024-03-11 09:39:06","2024-03-11 09:55:34"
28080311,"2024-03-11 09:46:41","2024-03-11 09:48:22"
18330511,"2024-03-11 11:32:01","2024-03-11 11:33:13"
21550711,"2024-03-11 13:43:29","2024-03-11 13:45:59"
10210811,"2024-03-11 14:19:21","2024-03-11 14:20:49"
33451111,"2024-03-11 18:00:41","2024-03-11 18:10:08"
931211,"2024-03-11 18:02:28","2024-03-11 18:05:13"
2361211,"2024-03-11 18:06:13","2024-03-11 18:09:48"
28251311,"2024-03-29 09:14:57","2024-03-29 09:19:37"
17661711,"2024-03-11 23:18:08","2024-03-11 23:35:06"
43821711,"2024-03-11 23:44:01","2024-03-11 23:46:04"
100212,"2024-03-12 08:01:02","2024-03-12 08:04:52"
11590212,"2024-03-12 08:45:29","2024-03-12 08:51:52"
660512,"2024-03-12 11:01:13","2024-03-12 11:24:44"
2320512,"2024-03-12 11:05:12","2024-03-12 11:07:44"
21530512,"2024-03-12 11:53:18","2024-03-12 11:55:35"
19330812,"2024-03-12 14:38:16","2024-03-12 14:42:23"
1541012,"2024-03-12 16:03:24","2024-03-12 16:04:58"
2821012,"2024-03-12 16:05:33","2024-03-12 16:06:22"
31111312,"2024-03-12 19:57:23","2024-03-12 20:05:13"
4381412,"2024-03-12 20:08:32","2024-03-12 20:14:00"
11011412,"2024-03-12 20:21:51","2024-03-12 20:34:10"
13601512,"2024-03-12 21:25:26","2024-03-12 21:27:47"
2551612,"2024-03-12 22:04:42","2024-03-12 22:06:30"
10741612,"2024-03-12 22:17:15","2024-03-12 22:18:37"
27141712,"2024-03-13 05:12:37","2024-03-13 05:14:18"
301812,"2024-03-13 00:00:55","2024-03-13 00:01:42"
1041812,"2024-03-13 00:02:10","2024-03-13 00:03:01"
12241812,"2024-03-13 00:24:37","2024-03-13 00:27:57"
15681812,"2024-03-13 00:27:56","2024-03-13 00:29:03"
14831912,"2024-03-13 01:47:26","2024-03-13 01:48:44"
1452012,"2024-03-13 02:06:16","2024-03-13 02:32:48"
18172212,"2024-03-13 04:23:46","2024-03-13 04:37:26"
19782212,"2024-03-13 04:27:31","2024-03-13 04:36:28"
22672212,"2024-03-13 04:36:04","2024-03-13 04:38:02"
10072312,"2024-03-13 05:24:16","2024-03-13 05:25:55"
12912312,"2024-03-13 05:33:31","2024-03-13 05:36:55"
13452312,"2024-03-13 05:35:30","2024-03-13 15:18:14"
24622312,"2024-03-13 05:52:38","2024-03-13 05:55:23"
2860013,"2024-03-13 06:12:05","2024-03-13 10:42:28"
5020013,"2024-03-13 06:25:45","2024-03-13 06:27:29"
3930113,"2024-03-13 07:10:05","2024-03-13 07:18:00"
16060213,"2024-03-13 08:32:54","2024-03-13 09:00:37"
23650213,"2024-03-13 08:48:37","2024-03-13 08:51:51"
3580313,"2024-03-13 09:05:37","2024-03-13 09:35:21"
8110313,"2024-03-13 09:11:13","2024-03-13 09:12:19"
17100313,"2024-03-13 09:26:02","2024-03-13 09:31:31"
30000313,"2024-03-13 09:46:41","2024-03-13 10:06:36"
32970313,"2024-03-13 09:49:03","2024-03-13 10:20:23"
26450313,"2024-03-13 09:59:22","2024-03-13 10:22:37"
16420413,"2024-03-13 10:17:39","2024-03-13 10:37:04"
26390413,"2024-03-13 10:28:21","2024-03-13 10:31:05"
40720413,"2024-03-13 10:45:00","2024-03-13 10:49:18"
49580413,"2024-03-13 10:52:09","2024-03-13 10:57:26"
20740513,"2024-03-13 11:20:08","2024-03-13 11:28:16"
34350513,"2024-03-13 11:38:00","2024-03-13 11:39:52"
42810513,"2024-03-13 11:51:06","2024-03-13 11:54:34"
45180513,"2024-03-13 11:52:01","2024-03-13 11:55:01"
11690713,"2024-03-13 13:16:46","2024-03-13 13:17:52"
7200813,"2024-03-13 14:09:07","2024-03-13 14:11:10"
30280813,"2024-03-21 00:09:41","2024-03-21 00:27:56"
35090813,"2024-03-13 14:39:22","2024-03-13 15:07:28"
1120913,"2024-03-13 15:02:02","2024-03-13 15:03:09"
1760913,"2024-03-13 15:02:49","2024-03-13 15:03:36"
3691113,"2024-03-13 17:09:25","2024-03-13 20:08:36"
13281113,"2024-03-13 17:42:14","2024-03-13 17:45:35"
27681113,"2024-03-13 17:51:25","2024-03-13 17:52:23"
21791213,"2024-03-13 18:50:47","2024-03-13 19:23:18"
26451213,"2024-03-13 18:58:41","2024-03-13 18:59:31"
36851313,"2024-03-13 19:48:01","2024-03-13 21:03:32"
14661413,"2024-03-13 20:23:12","2024-03-13 20:24:02"
44851413,"2024-03-13 20:48:55","2024-03-13 20:50:38"
47621713,"2024-03-13 23:30:49","2024-03-13 23:34:11"
60871713,"2024-03-13 23:38:25","2024-03-13 23:41:27"
31361913,"2024-03-14 01:34:13","2024-03-14 01:49:17"
14652113,"2024-03-14 03:31:05","2024-03-14 04:03:08"
13112213,"2024-03-14 04:23:14","2024-03-14 04:30:03"
22632213,"2024-03-14 04:35:35","2024-03-14 04:44:08"
32162213,"2024-03-14 04:46:38","2024-03-14 05:15:32"
10502313,"2024-03-14 05:14:14","2024-03-14 05:16:15"
23542313,"2024-03-14 05:30:53","2024-03-14 05:32:11"
38702313,"2024-03-14 05:52:34","2024-03-14 05:53:55"
42922313,"2024-03-14 05:58:15","2024-03-14 05:59:57"
1300014,"2024-03-14 05:58:15","2024-03-14 05:59:57"
25780014,"2024-03-14 06:59:11","2024-03-14 07:03:07"
2030214,"2024-03-14 08:06:29","2024-03-14 08:09:34"
12670214,"2024-03-14 08:28:24","2024-03-14 08:40:51"
13810214,"2024-03-14 08:28:25","2024-03-14 08:30:09"
16430214,"2024-03-14 08:33:11","2024-03-14 08:43:52"
360314,"2024-03-14 09:01:17","2024-03-14 09:03:56"
31020414,"2024-03-14 10:40:47","2024-03-14 10:41:43"
33030414,"2024-03-14 10:43:24","2024-03-14 10:45:51"
44730414,"2024-03-14 10:59:55","2024-03-14 11:01:23"
5890514,"2024-03-14 11:09:59","2024-03-14 11:13:00"
20990614,"2024-03-14 12:26:15","2024-03-14 23:08:22"
27740714,"2024-03-14 13:35:27","2024-03-14 14:00:30"
31700814,"2024-03-14 14:43:04","2024-03-14 15:51:13"
37440814,"2024-03-14 14:48:09","2024-03-14 14:51:25"
43700914,"2024-03-14 15:54:07","2024-03-14 15:54:42"
1401014,"2024-03-14 16:02:27","2024-03-14 16:30:18"
24541014,"2024-03-15 04:00:59","2024-03-15 04:37:25"
25321014,"2024-03-14 16:38:16","2024-03-14 16:40:43"
14001114,"2024-03-14 17:22:42","2024-03-14 17:23:42"
19881414,"2024-03-14 20:19:17","2024-03-14 20:22:01"
96011514,"2024-03-14 21:54:59","2024-03-14 21:56:22"
32271614,"2024-03-14 22:15:19","2024-03-14 22:16:39"
40521614,"2024-03-14 22:20:41","2024-03-14 22:21:24"
111091614,"2024-03-15 03:50:17","2024-03-15 04:28:10"
21962114,"2024-03-15 03:50:17","2024-03-15 04:28:10"
32051714,"2024-03-14 23:15:51","2024-03-14 23:21:36"
61801714,"2024-03-14 23:30:15","2024-03-14 23:32:42"
91301714,"2024-03-14 23:44:07","2024-03-14 23:56:52"
50801814,"2024-03-25 06:36:34","2024-03-25 22:31:14"
8930025,"2024-03-25 06:36:34","2024-03-25 22:31:14"
50101814,"2024-03-15 00:31:12","2024-03-15 00:34:42"
55901814,"2024-03-15 00:31:12","2024-03-15 00:34:42"
59181814,"2024-03-15 00:32:48","2024-03-15 00:38:39"
32831914,"2024-03-15 01:28:00","2024-03-15 01:29:18"
56991914,"2024-03-15 01:52:42","2024-03-15 01:54:33"
27672014,"2024-03-15 02:40:35","2024-03-15 06:46:28"
19182214,"2024-03-15 04:38:32","2024-03-15 04:40:10"
18312314,"2024-03-15 05:27:09","2024-03-15 05:30:17"
4830215,"2024-03-15 08:11:55","2024-03-15 08:18:42"
16090315,"2024-03-15 09:27:47","2024-03-15 09:29:05"
20110315,"2024-03-15 09:34:34","2024-03-15 09:41:35"
21070315,"2024-03-15 09:36:46","2024-03-15 09:47:51"
35540315,"2024-03-15 09:56:20","2024-03-15 10:10:10"
7810415,"2024-03-15 10:11:48","2024-03-15 10:14:51"
36970415,"2024-03-15 10:48:21","2024-03-15 10:49:25"
9470515,"2024-03-15 11:11:06","2024-03-15 11:37:20"
29940915,"2024-03-15 15:40:52","2024-03-15 15:49:47"
1670116,"2024-03-16 07:07:54","2024-03-16 07:12:53"
14491115,"2024-03-15 17:28:23","2024-03-15 21:29:09"
23191115,"2024-03-15 17:44:38","2024-03-15 17:45:54"
2811215,"2024-03-15 18:07:20","2024-03-15 19:09:44"
9161215,"2024-03-15 18:30:07","2024-03-15 18:32:04"
12601315,"2024-03-15 19:18:41","2024-03-15 19:19:35"
18731315,"2024-03-15 19:27:30","2024-03-15 19:28:47"
22011315,"2024-03-22 23:36:22","2024-03-22 23:37:25"
1951515,"2024-03-15 21:04:19","2024-03-15 21:33:25"
1921615,"2024-03-15 22:02:22","2024-03-15 22:03:16"
28691615,"2024-03-15 22:26:20","2024-03-15 22:27:27"
57431615,"2024-03-15 22:45:34","2024-03-15 22:46:43"
79741615,"2024-03-15 22:59:50","2024-03-15 23:03:22"
55611715,"2024-03-15 23:37:26","2024-03-15 23:38:52"
61081715,"2024-03-15 23:41:19","2024-03-15 23:45:15"
67451715,"2024-03-16 05:18:41","2024-03-16 14:45:51"
28091815,"2024-03-16 00:21:57","2024-03-16 00:24:01"
42071915,"2024-03-16 01:59:58","2024-03-16 02:00:53"
42371915,"2024-03-16 02:00:30","2024-03-16 02:03:39"
462015,"2024-03-16 02:02:12","2024-03-16 02:04:58"
14452115,"2024-03-16 03:32:57","2024-03-16 03:47:26"
25282215,"2024-03-16 04:37:31","2024-03-16 04:44:15"
29632215,"2024-03-16 04:42:19","2024-03-16 07:09:49"
5842315,"2024-03-16 05:15:36","2024-03-16 05:16:53"
14402315,"2024-03-16 05:30:19","2024-03-16 05:38:55"
19292315,"2024-03-16 05:40:27","2024-03-16 05:41:26"
10660016,"2024-03-16 06:37:24","2024-03-16 06:38:50"
22470216,"2024-03-16 08:50:14","2024-03-16 08:52:51"
23080216,"2024-03-16 08:51:33","2024-03-16 09:22:06"
24800216,"2024-03-16 08:55:29","2024-03-16 09:28:34"
3180316,"2024-03-16 09:06:18","2024-03-16 09:07:23"
23030316,"2024-03-16 09:47:02","2024-03-16 09:58:26"
24930316,"2024-03-16 09:50:54","2024-03-16 09:53:32"
27970316,"2024-03-16 09:56:11","2024-03-16 22:39:00"
39410416,"2024-03-16 10:57:11","2024-03-16 11:32:33"
7030516,"2024-03-16 11:09:24","2024-03-16 11:10:44"
10440516,"2024-03-16 11:14:12","2024-03-16 11:30:53"
3920716,"2024-03-16 13:08:25","2024-03-16 13:19:49"
3640816,"2024-03-16 14:06:44","2024-03-16 14:08:39"
8220816,"2024-03-16 14:17:08","2024-03-16 14:28:44"
21310916,"2024-03-16 15:36:52","2024-03-16 15:38:47"
11961216,"2024-03-16 18:45:08","2024-03-16 18:47:41"
36211316,"2024-03-16 19:59:03","2024-03-16 20:00:35"
9721416,"2024-03-16 20:18:01","2024-03-16 20:22:07"
11971416,"2024-03-16 20:22:08","2024-03-16 20:27:54"
13291416,"2024-03-16 20:23:18","2024-03-16 20:28:18"
17301416,"2024-03-16 20:29:49","2024-03-16 20:32:33"
23031416,"2024-03-16 20:39:16","2024-03-16 20:48:43"
531516,"2024-03-16 21:01:35","2024-03-16 21:05:07"
14231516,"2024-03-16 21:21:08","2024-03-16 21:25:46"
27471616,"2024-03-16 22:29:30","2024-03-16 22:30:08"
29431616,"2024-03-16 22:31:25","2024-03-16 22:34:32"
46381616,"2024-03-16 22:44:54","2024-03-16 22:45:36"
6941716,"2024-03-16 23:06:40","2024-03-16 23:37:13"
7551716,"2024-03-16 23:07:14","2024-03-16 23:09:11"
10901716,"2024-03-16 23:09:39","2024-03-16 23:12:15"
12541716,"2024-03-16 23:11:09","2024-03-16 23:12:17"
62161716,"2024-03-16 23:52:21","2024-03-16 23:53:18"
6891816,"2024-03-17 00:07:33","2024-03-17 00:48:15"
9451916,"2024-03-17 01:12:20","2024-03-17 01:21:30"
11421916,"2024-03-17 01:16:01","2024-03-17 01:28:15"
36581916,"2024-03-17 01:59:58","2024-03-17 04:46:01"
3012016,"2024-03-17 02:08:01","2024-03-17 02:08:58"
9532216,"2024-03-17 04:30:38","2024-03-17 04:34:31"
14992216,"2024-03-22 10:37:51","2024-03-22 10:48:59"
23680422,"2024-03-22 10:37:51","2024-03-22 10:48:59"
20182216,"2024-03-17 04:56:21","2024-03-17 04:58:36"
5722316,"2024-03-17 05:17:46","2024-03-17 05:19:06"
15402316,"2024-03-17 05:45:03","2024-03-17 05:50:52"
13040017,"2024-03-17 06:56:31","2024-03-17 07:00:36"
22640217,"2024-03-17 08:37:31","2024-03-17 08:39:39"
11120317,"2024-03-17 09:25:10","2024-03-17 09:32:40"
17300317,"2024-03-17 09:36:37","2024-03-17 09:39:30"
3160417,"2024-03-17 10:06:34","2024-03-17 10:10:29"
3890417,"2024-03-17 10:08:02","2024-03-17 10:17:20"
23971916,"2024-03-17 12:17:48","2024-03-17 12:38:16"
7800617,"2024-03-17 12:18:45","2024-03-17 12:24:56"
10230617,"2024-03-17 12:24:24","2024-03-17 12:26:38"
17930617,"2024-03-17 12:39:20","2024-03-17 12:40:19"
25440617,"2024-03-17 12:55:51","2024-03-17 13:02:35"
27560617,"2024-03-17 12:59:49","2024-03-17 13:01:16"
27780617,"2024-03-17 13:00:02","2024-03-17 13:01:09"
2300717,"2024-03-17 13:06:22","2024-03-17 13:09:21"
16210717,"2024-03-17 13:38:52","2024-03-17 13:47:22"
24580717,"2024-03-17 13:52:28","2024-03-17 13:53:49"
27070717,"2024-03-17 13:56:28","2024-03-17 13:58:22"
3730817,"2024-03-17 14:07:32","2024-03-17 14:17:37"
4230817,"2024-03-17 14:08:42","2024-03-17 14:12:04"
20070817,"2024-03-17 14:36:15","2024-03-17 14:48:16"
24120817,"2024-03-17 14:43:56","2024-03-17 14:44:55"
27750817,"2024-03-17 14:51:22","2024-03-17 14:52:58"
33060817,"2024-03-17 15:01:04","2024-03-17 15:03:52"
4470917,"2024-03-17 15:09:47","2024-03-17 15:19:09"
9290917,"2024-03-17 15:20:03","2024-03-17 19:35:43"
18410917,"2024-03-17 15:38:50","2024-03-17 15:40:47"
13841017,"2024-03-17 16:27:08","2024-03-17 16:32:40"
4381117,"2024-03-17 17:10:23","2024-03-17 17:10:59"
18631117,"2024-03-17 17:37:41","2024-03-17 17:47:01"
8941217,"2024-03-17 18:31:10","2024-03-17 18:51:54"
3381317,"2024-03-17 19:06:36","2024-03-17 19:08:52"
29391417,"2024-03-17 20:41:41","2024-03-17 20:50:02"
711517,"2024-03-17 21:01:21","2024-03-17 21:02:59"
5341517,"2024-03-17 21:07:48","2024-03-17 21:09:29"
35911517,"2024-03-17 21:46:55","2024-03-17 21:50:45"
43521517,"2024-03-17 21:56:04","2024-03-17 22:06:46"
50921617,"2024-03-17 22:47:16","2024-03-17 22:52:52"
5371717,"2024-03-17 23:05:49","2024-03-17 23:12:05"
6691717,"2024-03-17 23:07:04","2024-03-17 23:09:14"
18381717,"2024-03-17 23:23:41","2024-03-17 23:29:24"
29131717,"2024-03-17 23:26:55","2024-03-17 23:31:39"
45691717,"2024-03-18 08:16:42","2024-03-18 16:36:43"
4830218,"2024-03-18 08:16:42","2024-03-18 16:36:43"
29441817,"2024-03-18 00:30:40","2024-03-18 00:46:11"
45811817,"2024-04-17 23:15:00","2024-04-17 23:17:53"
52411817,"2024-03-18 00:55:41","2024-03-18 00:58:23"
4632117,"2024-03-18 03:14:53","2024-03-18 04:39:57"
692217,"2024-03-18 04:02:21","2024-03-18 04:03:05"
16562217,"2024-03-18 04:47:00","2024-03-18 04:51:06"
17792217,"2024-03-18 04:51:40","2024-03-18 11:12:43"
22252217,"2024-03-18 04:59:34","2024-03-18 05:01:46"
18182317,"2024-03-18 05:56:42","2024-03-18 06:28:30"
2350118,"2024-03-18 07:09:34","2024-03-18 07:11:13"
9110118,"2024-03-18 07:38:08","2024-03-18 07:39:25"
9340118,"2024-03-18 07:39:13","2024-03-18 07:44:34"
1400218,"2024-03-18 08:04:29","2024-03-18 08:07:32"
2000318,"2024-03-18 09:05:14","2024-03-18 09:06:39"
18630318,"2024-03-18 09:47:23","2024-03-18 09:48:23"
22410318,"2024-03-18 09:54:41","2024-03-18 09:58:10"
7150418,"2024-03-18 10:13:59","2024-03-18 10:14:47"
9010418,"2024-03-18 10:17:32","2024-03-18 10:31:01"
13710418,"2024-03-18 10:27:25","2024-03-18 10:32:18"
15060418,"2024-03-18 10:30:25","2024-03-18 11:24:19"
2500518,"2024-03-18 11:04:55","2024-03-18 14:13:26"
17330518,"2024-03-18 11:42:15","2024-03-18 12:22:56"
5570618,"2024-03-18 12:16:06","2024-03-18 12:21:11"
12520618,"2024-03-18 12:36:19","2024-03-18 12:40:59"
15690618,"2024-03-18 12:43:45","2024-03-18 12:45:33"
1340718,"2024-03-18 13:04:45","2024-03-18 13:10:25"
3300718,"2024-03-18 13:10:22","2024-03-18 23:25:40"
4330718,"2024-03-18 13:13:36","2024-03-18 20:20:56"
5730718,"2024-03-18 13:17:00","2024-03-18 13:54:52"
6880718,"2024-03-18 13:19:43","2024-03-18 13:21:02"
16910718,"2024-03-18 13:41:43","2024-03-18 13:45:15"
26320818,"2024-03-18 14:41:04","2024-03-18 19:18:52"
35010818,"2024-03-18 14:59:03","2024-03-18 15:00:10"
6500918,"2024-03-18 15:16:12","2024-03-18 15:18:12"
11640918,"2024-03-18 15:26:57","2024-03-18 15:55:06"
4581018,"2024-03-18 16:10:36","2024-03-18 16:14:50"
7431018,"2024-03-18 16:17:57","2024-03-18 16:44:40"
19431118,"2024-03-18 17:49:47","2024-03-18 17:51:03"
2291218,"2024-03-18 18:08:02","2024-03-18 18:10:43"
7101218,"2024-03-18 18:30:59","2024-03-18 21:44:34"
27051318,"2024-03-18 19:55:38","2024-03-18 20:03:05"
29991318,"2024-03-18 19:59:34","2024-03-18 20:26:42"
20971418,"2024-03-18 20:46:27","2024-03-18 20:49:31"
5191518,"2024-03-18 21:10:16","2024-03-18 21:21:27"
23171518,"2024-03-18 21:35:46","2024-03-18 21:38:29"
27751518,"2024-03-18 21:43:12","2024-03-18 21:44:26"
9751618,"2024-03-18 22:13:55","2024-03-18 22:16:26"
12481618,"2024-03-18 22:17:21","2024-03-18 22:18:22"
39051618,"2024-03-18 22:48:50","2024-03-18 22:52:37"
3111718,"2024-03-18 23:04:35","2024-03-18 23:14:02"
10301718,"2024-03-18 23:15:42","2024-03-18 23:19:27"
23211718,"2024-03-18 23:33:53","2024-03-18 23:39:45"
35261718,"2024-03-18 23:42:44","2024-03-18 23:45:11"
6331818,"2024-03-19 00:08:34","2024-03-19 00:09:50"
13961818,"2024-03-19 00:18:53","2024-03-19 00:21:15"
20471818,"2024-03-19 00:28:37","2024-03-19 00:54:09"
21591818,"2024-03-19 00:29:23","2024-03-19 00:38:11"
31851818,"2024-03-19 00:42:22","2024-03-19 21:05:24"
12951918,"2024-03-19 01:20:47","2024-03-19 01:25:34"
20191918,"2024-03-19 01:34:42","2024-03-19 01:36:37"
2362018,"2024-03-19 02:05:31","2024-03-19 02:11:21"
3702018,"2024-03-19 02:09:42","2024-03-19 02:12:42"
10022018,"2024-03-19 02:24:06","2024-03-19 02:30:54"
6142118,"2024-03-19 03:20:36","2024-03-19 03:32:39"
11032218,"2024-03-19 04:35:52","2024-03-19 04:38:59"
12812218,"2024-03-19 04:39:57","2024-03-19 04:41:56"
15752218,"2024-03-19 04:48:02","2024-03-19 04:49:26"
682318,"2024-03-19 05:02:26","2024-03-19 05:06:30"
4462318,"2024-03-19 05:14:20","2024-03-19 05:30:18"
4372318,"2024-03-19 05:14:33","2024-03-19 05:18:33"
6522318,"2024-03-19 05:20:51","2024-03-19 05:26:17"
8290019,"2024-03-19 06:33:16","2024-03-19 09:46:13"
11600019,"2024-03-19 06:51:00","2024-03-19 06:51:47"
3750119,"2024-03-19 07:13:26","2024-03-19 07:21:27"
14880119,"2024-03-19 07:57:17","2024-03-19 13:41:51"
670219,"2024-03-19 08:02:31","2024-03-19 08:05:07"
6430219,"2024-03-19 08:20:45","2024-03-19 08:21:23"
8410219,"2024-03-19 08:25:33","2024-03-19 08:27:21"
12130219,"2024-03-19 08:36:40","2024-03-19 08:44:10"
18310219,"2024-03-19 08:53:24","2024-03-19 10:06:20"
5100319,"2024-03-19 09:14:10","2024-03-19 09:43:27"
9090319,"2024-03-19 09:28:39","2024-03-19 09:35:01"
14090319,"2024-03-19 09:37:18","2024-03-19 09:38:21"
14180319,"2024-03-19 09:39:35","2024-03-19 09:42:34"
8960419,"2024-03-19 10:19:02","2024-03-19 10:23:00"
10960419,"2024-03-19 10:22:57","2024-03-19 10:24:58"
12680419,"2024-03-19 10:25:35","2024-03-19 10:27:44"
15360419,"2024-03-19 10:30:55","2024-03-19 10:32:02"
23700419,"2024-03-19 10:48:06","2024-03-19 10:49:28"
25550419,"2024-03-19 10:51:49","2024-03-19 10:52:56"
1120519,"2024-03-19 11:02:43","2024-03-19 11:03:49"
9210519,"2024-03-19 11:15:32","2024-03-19 11:27:19"
10010519,"2024-03-19 11:17:10","2024-03-19 11:20:44"
24130519,"2024-03-19 11:59:59","2024-03-19 12:12:12"
21780619,"2024-03-19 12:56:40","2024-03-19 13:01:49"
22290619,"2024-03-19 12:59:46","2024-03-19 13:37:15"
2240719,"2024-03-19 13:05:54","2024-03-19 13:44:05"
13410719,"2024-03-19 13:34:12","2024-03-19 13:43:49"
14780719,"2024-03-19 13:38:14","2024-03-19 19:40:08"
18330719,"2024-03-19 13:46:12","2024-03-19 13:48:41"
18620719,"2024-03-19 13:46:58","2024-03-19 14:05:55"
18730719,"2024-03-19 13:47:34","2024-03-19 13:49:10"
8130819,"2024-03-19 14:17:53","2024-03-19 14:18:28"
10260819,"2024-03-19 14:23:09","2024-03-19 14:24:44"
16400819,"2024-03-19 14:34:44","2024-03-19 14:36:33"
18850819,"2024-03-19 14:40:36","2024-03-19 14:43:06"
21620819,"2024-03-19 14:46:19","2024-03-19 14:47:55"
400919,"2024-03-19 15:02:12","2024-03-19 15:09:49"
1540919,"2024-03-19 15:05:12","2024-03-19 15:09:04"
5420919,"2024-03-19 15:14:02","2024-03-19 15:21:50"
12320919,"2024-03-19 15:30:36","2024-03-19 16:19:08"
19760919,"2024-03-19 15:47:05","2024-03-19 15:52:00"
151019,"2024-03-19 16:00:43","2024-03-19 18:01:24"
1001019,"2024-03-19 16:02:48","2024-03-19 16:09:02"
3161019,"2024-03-19 16:07:43","2024-03-19 16:42:44"
5261019,"2024-03-19 16:13:27","2024-03-19 16:45:42"
9461019,"2024-03-19 16:23:19","2024-03-19 16:24:48"
11051019,"2024-03-19 16:27:15","2024-03-19 16:29:33"
13001019,"2024-03-19 16:31:35","2024-03-19 16:35:44"
22761019,"2024-03-19 16:56:40","2024-03-19 16:58:52"
23451019,"2024-03-19 16:58:03","2024-03-19 17:44:08"
22181119,"2024-03-19 17:53:31","2024-03-19 17:55:27"
2941219,"2024-03-19 18:09:18","2024-03-19 18:11:09"
981319,"2024-03-19 19:02:49","2024-03-19 19:05:29"
9761319,"2024-03-19 19:19:08","2024-03-19 19:21:14"
11301319,"2024-03-19 19:21:52","2024-03-19 19:31:27"
9541319,"2024-03-21 19:36:21","2024-03-21 19:37:19"
28651321,"2024-03-21 19:36:21","2024-03-21 19:37:19"
25171319,"2024-03-19 19:44:34","2024-03-19 19:52:08"
271419,"2024-03-19 20:00:51","2024-03-19 20:03:54"
7591419,"2024-03-19 20:15:35","2024-03-19 20:16:11"
12311419,"2024-03-19 20:22:46","2024-03-19 21:40:19"
13871419,"2024-03-19 20:24:05","2024-03-19 20:37:40"
24611419,"2024-03-19 20:39:55","2024-03-19 20:41:04"
2471519,"2024-03-19 20:39:55","2024-03-19 20:41:04"
2521519,"2024-03-19 20:39:55","2024-03-19 20:41:04"
35571419,"2024-03-19 20:57:14","2024-03-19 21:00:02"
2831519,"2024-03-19 21:05:57","2024-03-19 21:57:24"
7971519,"2024-03-19 21:13:45","2024-03-19 21:15:27"
24721519,"2024-03-19 21:36:56","2024-03-19 21:49:29"
39301519,"2024-03-19 21:57:29","2024-03-19 22:17:18"
4851619,"2024-03-19 22:07:50","2024-03-19 22:14:38"
12901619,"2024-03-19 22:17:45","2024-03-19 22:34:59"
18171619,"2024-03-19 22:23:14","2024-03-19 22:24:21"
32811619,"2024-03-19 22:40:27","2024-03-19 22:42:47"
34111619,"2024-03-19 22:41:58","2024-03-19 22:44:15"
37931619,"2024-03-19 22:45:39","2024-03-19 22:50:50"
16111719,"2024-03-19 23:18:36","2024-03-19 23:21:04"
18851719,"2024-03-19 23:21:08","2024-03-19 23:33:25"
29211719,"2024-03-19 23:30:55","2024-03-19 23:33:54"
43101719,"2024-03-19 23:43:20","2024-03-19 23:45:32"
11821819,"2024-03-20 00:13:18","2024-03-20 00:20:38"
24421819,"2024-03-20 00:28:06","2024-03-20 00:29:30"
26921819,"2024-03-20 00:32:24","2024-03-20 13:57:21"
23271819,"2024-03-20 00:41:06","2024-03-20 01:13:35"
4201919,"2024-03-20 01:07:25","2024-03-20 01:10:08"
19901919,"2024-03-20 01:34:48","2024-03-20 01:36:30"
24871919,"2024-03-21 01:45:12","2024-03-21 19:59:56"
41511920,"2024-03-21 01:45:12","2024-03-21 19:59:56"
39141830,"2024-03-31 00:32:53","2024-03-31 00:34:37"
18982019,"2024-03-20 02:49:49","2024-03-20 02:51:23"
8722219,"2024-03-20 04:29:43","2024-03-20 12:46:40"
10832219,"2024-03-20 04:33:48","2024-03-20 04:54:13"
10922219,"2024-03-20 04:34:44","2024-03-20 04:36:23"
12492219,"2024-03-20 04:37:19","2024-03-20 04:40:03"
21282219,"2024-03-20 04:52:45","2024-03-20 04:53:46"
12122319,"2024-03-20 05:22:11","2024-03-20 15:04:52"
1910120,"2024-03-20 07:08:46","2024-03-20 07:15:09"
2560120,"2024-03-20 07:13:17","2024-03-20 07:14:42"
7140120,"2024-03-20 07:31:15","2024-03-20 07:33:19"
7690120,"2024-03-20 07:33:45","2024-03-20 08:10:02"
7590120,"2024-03-20 07:35:59","2024-03-20 07:38:39"
10990120,"2024-03-20 07:45:26","2024-03-20 07:53:05"
13210120,"2024-03-20 07:51:42","2024-03-20 16:18:25"
14570120,"2024-03-20 07:56:08","2024-03-20 07:59:53"
15400120,"2024-03-20 07:58:51","2024-03-20 08:00:28"
9940220,"2024-03-20 08:31:31","2024-03-20 08:36:33"
14130220,"2024-03-20 08:40:19","2024-03-20 08:58:36"
21530220,"2024-03-20 08:58:12","2024-03-20 09:11:01"
15340320,"2024-03-20 09:34:03","2024-03-20 09:46:54"
16840320,"2024-03-20 09:38:00","2024-03-20 17:48:14"
25320320,"2024-03-20 09:51:34","2024-03-20 09:52:45"
27130320,"2024-03-20 09:54:10","2024-03-20 09:57:58"
1160420,"2024-03-20 10:02:00","2024-03-20 10:08:48"
4060420,"2024-03-20 10:06:29","2024-03-20 10:08:36"
4430420,"2024-03-20 10:07:21","2024-03-20 10:23:01"
5400420,"2024-03-20 10:08:36","2024-03-20 10:28:40"
9490420,"2024-03-20 10:15:26","2024-03-20 10:22:20"
11750420,"2024-03-20 10:19:36","2024-03-20 10:22:41"
14220420,"2024-03-20 10:23:36","2024-03-20 10:24:34"
14630420,"2024-03-20 10:24:46","2024-03-20 10:25:40"
17920420,"2024-03-20 10:29:09","2024-03-20 12:10:49"
39470420,"2024-03-20 10:59:33","2024-03-20 11:12:54"
3240620,"2024-03-20 12:06:05","2024-03-20 12:22:39"
4190620,"2024-03-20 12:08:11","2024-03-20 12:10:41"
6710620,"2024-03-20 12:12:10","2024-03-20 15:05:59"
7200620,"2024-03-20 12:13:25","2024-03-20 12:17:11"
8340620,"2024-03-20 12:15:30","2024-03-20 12:19:32"
10450620,"2024-03-20 12:19:15","2024-03-20 13:11:35"
22290620,"2024-03-20 12:38:58","2024-03-20 12:45:45"
24900620,"2024-03-20 12:42:05","2024-03-20 12:43:51"
29730620,"2024-03-20 12:48:01","2024-03-20 12:48:59"
39240620,"2024-03-20 12:59:06","2024-03-20 13:05:41"
280720,"2024-03-20 13:00:52","2024-03-20 13:02:25"
4000720,"2024-03-20 13:05:50","2024-03-20 13:08:15"
5670720,"2024-03-20 13:08:04","2024-03-20 13:10:44"
12360720,"2024-03-20 13:17:28","2024-03-20 13:20:49"
14840720,"2024-03-20 13:21:01","2024-03-20 13:27:52"
17470720,"2024-03-20 13:24:49","2024-03-20 13:27:07"
22260720,"2024-03-20 13:31:05","2024-03-20 13:33:51"
28910720,"2024-03-20 13:39:52","2024-03-20 13:43:58"
29420720,"2024-03-20 13:41:14","2024-03-20 13:48:55"
33940720,"2024-03-20 13:47:10","2024-03-20 15:18:02"
35040720,"2024-03-20 13:47:48","2024-03-20 13:48:46"
39200720,"2024-03-20 13:54:48","2024-03-20 13:56:26"
41160720,"2024-03-20 14:00:47","2024-03-20 14:23:42"
1330820,"2024-03-20 14:02:57","2024-03-20 14:05:46"
3480820,"2024-03-20 14:07:00","2024-03-20 14:19:11"
3710820,"2024-03-20 14:09:08","2024-03-20 14:27:21"
21530820,"2024-03-20 14:32:44","2024-03-20 14:33:48"
8160820,"2024-03-20 14:37:26","2024-03-20 14:50:37"
27790820,"2024-03-20 14:40:40","2024-03-20 14:44:05"
29050820,"2024-03-20 14:41:59","2024-03-20 14:44:00"
33150820,"2024-03-20 14:47:20","2024-03-20 14:49:12"
38300820,"2024-03-20 14:54:07","2024-03-20 14:55:59"
7670920,"2024-03-20 15:13:02","2024-03-20 15:19:01"
1790920,"2024-03-20 15:17:32","2024-03-20 15:36:21"
20140920,"2024-03-20 15:30:19","2024-03-20 15:31:08"
24460920,"2024-03-20 15:36:28","2024-03-20 15:45:58"
28260920,"2024-03-20 15:43:19","2024-03-20 15:46:44"
30430920,"2024-03-20 15:46:37","2024-03-20 15:48:22"
31190920,"2024-03-20 15:47:26","2024-03-20 16:24:07"
32320920,"2024-03-20 15:49:42","2024-03-20 15:53:07"
32650920,"2024-03-20 15:50:03","2024-03-20 15:53:30"
451120,"2024-03-20 17:01:16","2024-03-20 17:14:00"
301120,"2024-03-20 17:01:23","2024-03-20 17:04:31"
7201120,"2024-03-20 17:10:53","2024-03-20 19:22:08"
34951120,"2024-03-20 17:39:53","2024-03-20 17:41:19"
33711120,"2024-03-20 17:50:42","2024-03-20 17:51:43"
49811120,"2024-03-20 17:53:49","2024-03-20 17:56:06"
51851120,"2024-03-20 17:56:32","2024-03-20 17:57:42"
6381220,"2024-03-20 18:12:34","2024-03-20 18:51:14"
16771220,"2024-03-20 18:32:43","2024-03-20 18:38:49"
28961220,"2024-03-20 18:46:07","2024-03-20 18:58:14"
32611220,"2024-03-20 18:49:11","2024-03-20 18:56:02"
36911220,"2024-03-20 18:52:36","2024-03-20 19:21:44"
38251220,"2024-03-20 18:53:39","2024-03-20 18:55:31"
43081220,"2024-03-20 18:57:39","2024-03-20 19:00:40"
45221220,"2024-03-20 19:00:59","2024-03-20 19:02:09"
5921320,"2024-03-20 19:05:52","2024-03-20 19:07:39"
13531320,"2024-03-20 19:11:53","2024-03-20 19:16:54"
14671320,"2024-03-20 19:13:10","2024-03-20 19:17:27"
23401320,"2024-03-20 19:21:20","2024-03-20 19:26:35"
25511320,"2024-03-20 19:22:19","2024-03-20 21:19:53"
26021320,"2024-03-20 19:23:03","2024-03-20 19:26:52"
30471320,"2024-03-20 19:27:28","2024-03-20 19:32:52"
35611320,"2024-03-20 19:32:05","2024-03-20 19:34:16"
37801320,"2024-03-20 19:33:57","2024-03-20 20:03:50"
49141320,"2024-03-20 19:44:34","2024-03-20 19:47:53"
54051320,"2024-03-20 19:49:09","2024-03-20 22:45:22"
62081320,"2024-03-20 19:56:18","2024-03-20 20:00:02"
23611420,"2024-03-20 20:22:22","2024-03-20 20:30:07"
37451420,"2024-03-20 20:34:08","2024-03-20 20:36:45"
40601420,"2024-03-20 20:35:48","2024-03-20 20:49:36"
41301420,"2024-03-20 20:36:20","2024-03-20 20:39:44"
57201420,"2024-03-20 20:49:44","2024-03-20 20:54:38"
59931420,"2024-03-20 20:51:09","2024-03-20 20:52:34"
59751420,"2024-03-20 20:51:24","2024-03-20 22:12:15"
2551520,"2024-03-20 21:02:49","2024-03-20 21:13:01"
14201520,"2024-03-20 21:11:35","2024-03-20 21:14:16"
13871520,"2024-03-20 21:11:56","2024-03-20 21:26:20"
25641520,"2024-03-20 21:19:26","2024-03-20 21:22:25"
47701520,"2024-03-20 21:34:23","2024-03-20 21:39:32"
64741520,"2024-03-20 21:44:58","2024-03-20 21:51:21"
81161520,"2024-03-20 21:56:01","2024-03-20 22:41:12"
14571620,"2024-03-20 22:10:53","2024-03-20 22:11:59"
16271620,"2024-03-20 22:11:09","2024-03-20 22:25:18"
17811620,"2024-03-20 22:12:06","2024-03-20 22:15:47"
21461620,"2024-03-20 22:14:27","2024-03-20 22:15:46"
4661620,"2024-03-20 22:15:38","2024-03-20 22:25:32"
25431620,"2024-03-20 22:16:25","2024-03-20 22:28:54"
42061620,"2024-03-20 22:26:07","2024-03-20 22:32:09"
46161620,"2024-03-20 22:27:55","2024-03-20 22:32:27"
48561620,"2024-03-20 22:29:17","2024-03-20 22:30:16"
55601620,"2024-03-20 22:33:41","2024-03-20 22:43:21"
61311620,"2024-03-20 22:36:13","2024-03-20 22:41:17"
62631620,"2024-03-20 22:37:01","2024-03-20 22:39:31"
69481620,"2024-03-20 22:40:56","2024-03-20 22:44:14"
74611620,"2024-03-20 22:43:03","2024-03-20 22:43:50"
82311620,"2024-03-28 00:18:15","2024-03-28 00:19:03"
92211620,"2024-03-20 22:52:16","2024-03-20 22:55:36"
85971620,"2024-03-20 22:53:01","2024-03-20 22:59:54"
94611620,"2024-03-20 22:53:30","2024-03-20 22:57:07"
103171620,"2024-03-20 23:01:01","2024-03-20 23:06:57"
5301720,"2024-03-20 23:03:51","2024-03-20 23:06:16"
11641720,"2024-03-20 23:08:14","2024-03-20 23:35:10"
8361820,"2024-04-16 10:16:28","2024-04-16 10:17:17"
17131820,"2024-03-21 00:10:26","2024-03-21 00:11:50"
37641820,"2024-03-21 00:20:46","2024-03-21 00:23:37"
81771820,"2024-03-21 00:47:32","2024-03-21 00:48:13"
85511820,"2024-03-21 00:49:51","2024-03-21 00:58:01"
94391820,"2024-03-21 00:57:36","2024-03-21 01:00:50"
15781920,"2024-03-21 01:18:16","2024-03-21 01:55:04"
50541920,"2024-03-21 01:55:41","2024-03-21 01:57:12"
6192020,"2024-03-21 02:10:57","2024-03-21 02:12:10"
26582020,"2024-03-21 02:47:57","2024-03-21 02:49:01"
8122120,"2024-03-21 03:20:11","2024-03-21 03:34:17"
14712120,"2024-03-21 03:38:11","2024-03-21 04:12:58"
4272220,"2024-03-21 04:14:25","2024-03-21 04:17:32"
13972220,"2024-04-12 01:11:32","2024-04-12 14:57:30"
11761911,"2024-04-12 01:11:32","2024-04-12 14:57:30"
32522220,"2024-03-21 04:58:26","2024-03-21 05:03:58"
33332220,"2024-03-21 05:00:03","2024-03-21 05:09:06"
1202320,"2024-03-21 05:02:28","2024-03-21 05:30:05"
2242320,"2024-03-21 05:04:27","2024-03-21 05:09:44"
3452320,"2024-03-21 05:06:20","2024-03-21 05:15:36"
8142320,"2024-03-21 05:12:58","2024-03-21 05:18:10"
8712320,"2024-03-21 05:13:25","2024-03-21 05:25:28"
22142320,"2024-03-21 05:33:35","2024-03-21 06:13:38"
24802320,"2024-03-21 05:38:48","2024-03-21 08:50:52"
33882220,"2024-03-21 05:42:40","2024-03-21 05:56:19"
7940021,"2024-03-21 06:23:34","2024-03-21 06:28:50"
680121,"2024-03-21 07:02:59","2024-03-21 07:19:49"
1200121,"2024-03-21 07:05:05","2024-03-21 19:32:37"
1520121,"2024-03-21 07:06:20","2024-03-21 07:07:42"
980221,"2024-03-21 08:02:56","2024-03-21 08:03:47"
1040221,"2024-03-21 08:13:31","2024-03-21 08:36:35"
19690221,"2024-03-21 08:47:44","2024-03-21 08:54:29"
19740221,"2024-03-21 08:48:09","2024-03-21 08:54:35"
20910221,"2024-03-21 08:51:08","2024-03-21 11:57:05"
21510221,"2024-03-21 08:52:35","2024-03-21 08:59:06"
5800321,"2024-03-21 09:13:01","2024-03-21 09:14:12"
5810321,"2024-03-21 09:13:04","2024-03-21 13:33:48"
7620321,"2024-03-21 09:17:49","2024-03-21 09:21:08"
24830321,"2024-03-21 09:50:00","2024-03-21 09:51:33"
1030421,"2024-03-21 10:02:18","2024-03-21 14:42:20"
27500321,"2024-03-21 10:03:41","2024-03-21 10:08:46"
3940421,"2024-03-21 10:07:03","2024-03-21 10:10:06"
7250421,"2024-03-21 10:12:58","2024-03-21 10:53:24"
13390421,"2024-03-21 10:21:42","2024-03-21 10:26:45"
13890421,"2024-03-21 10:22:10","2024-03-21 10:27:49"
15640421,"2024-03-21 10:24:21","2024-03-21 10:25:59"
24330421,"2024-03-21 10:34:59","2024-03-21 10:36:18"
30830421,"2024-03-21 10:42:46","2024-03-21 10:44:41"
32330421,"2024-03-21 10:44:42","2024-03-21 11:13:47"
2370521,"2024-03-21 11:04:47","2024-03-21 11:15:30"
4370521,"2024-03-21 11:06:29","2024-03-21 11:07:31"
21180521,"2024-03-21 11:27:52","2024-03-21 11:30:11"
22520521,"2024-03-21 11:29:16","2024-03-21 11:33:28"
28110521,"2024-03-21 11:37:39","2024-03-21 11:39:25"
28470521,"2024-03-21 11:38:31","2024-03-21 11:39:41"
31710521,"2024-03-21 11:44:19","2024-03-21 11:50:39"
34750521,"2024-03-21 11:50:07","2024-03-21 11:51:50"
36280521,"2024-03-21 11:53:06","2024-03-21 11:54:43"
14170621,"2024-03-21 12:21:32","2024-03-21 12:26:10"
27330621,"2024-03-21 12:42:13","2024-03-21 23:59:46"
31400621,"2024-03-21 12:49:03","2024-03-21 16:07:22"
1020721,"2024-03-21 13:02:30","2024-03-21 13:07:26"
3290721,"2024-03-21 13:05:42","2024-03-21 16:09:35"
13950721,"2024-03-21 13:20:30","2024-03-21 13:26:48"
19000721,"2024-03-21 13:28:04","2024-03-21 14:05:52"
19390721,"2024-03-21 13:28:52","2024-03-21 13:30:36"
35020721,"2024-03-21 13:51:52","2024-03-21 13:52:50"
37400721,"2024-03-21 13:54:35","2024-03-21 13:57:05"
6710821,"2024-03-21 14:12:43","2024-03-21 14:18:30"
12400821,"2024-03-21 14:20:51","2024-03-21 14:32:52"
12780821,"2024-03-21 14:22:03","2024-03-21 14:23:12"
18410821,"2024-03-21 14:29:36","2024-03-21 14:31:26"
22150821,"2024-03-21 14:33:37","2024-03-21 16:10:30"
39490821,"2024-03-21 14:55:44","2024-03-21 15:04:44"
9170921,"2024-03-21 15:14:54","2024-03-21 15:16:23"
9800921,"2024-03-21 15:15:02","2024-03-21 15:18:24"
12900921,"2024-03-21 15:18:52","2024-03-21 15:31:50"
17770921,"2024-03-21 15:26:03","2024-03-21 15:27:50"
26480921,"2024-03-21 15:38:02","2024-03-21 15:41:30"
32580921,"2024-03-21 15:45:23","2024-03-21 15:49:02"
38410921,"2024-03-21 15:52:58","2024-03-21 16:01:22"
40470921,"2024-03-21 15:55:28","2024-03-21 15:56:43"
42560921,"2024-03-21 15:58:42","2024-03-21 19:10:56"
2551021,"2024-03-21 16:05:26","2024-03-21 16:09:05"
4281021,"2024-03-21 16:08:04","2024-03-21 16:13:12"
6541021,"2024-03-21 16:12:00","2024-03-21 16:16:15"
9551021,"2024-03-21 16:16:15","2024-03-21 16:17:06"
11611021,"2024-03-21 16:19:39","2024-03-21 16:21:53"
13951021,"2024-03-21 16:22:49","2024-03-21 16:42:52"
14631021,"2024-03-21 16:24:04","2024-03-21 16:27:44"
22161021,"2024-03-21 16:36:11","2024-03-21 16:38:55"
22611021,"2024-03-21 16:36:44","2024-03-21 17:15:28"
23601021,"2024-03-21 16:38:27","2024-03-21 16:40:58"
23821021,"2024-03-21 16:38:44","2024-03-21 16:39:03"
23311021,"2024-03-21 16:39:27","2024-03-21 16:40:22"
26811021,"2024-03-21 16:44:20","2024-03-21 16:53:07"
27061021,"2024-03-21 16:44:38","2024-03-21 16:46:07"
35191021,"2024-03-21 16:57:41","2024-03-21 16:59:56"
36971021,"2024-03-21 17:00:40","2024-03-21 17:01:43"
4451121,"2024-03-21 17:07:59","2024-03-21 18:43:20"
13571121,"2024-03-21 17:22:55","2024-03-21 17:33:13"
14431121,"2024-03-21 17:23:41","2024-03-21 17:48:10"
15331121,"2024-03-21 17:25:02","2024-03-21 17:25:51"
16251121,"2024-03-21 17:26:23","2024-03-21 17:31:18"
19571121,"2024-03-21 17:31:35","2024-03-21 18:41:10"
21221121,"2024-03-21 17:33:50","2024-03-21 17:45:18"
22631121,"2024-03-21 17:35:38","2024-03-21 17:36:31"
28391121,"2024-03-21 17:43:55","2024-03-21 17:44:50"
33241121,"2024-03-21 17:52:38","2024-03-21 17:56:20"
35751121,"2024-03-21 17:57:03","2024-03-21 18:00:38"
3741221,"2024-03-21 18:06:43","2024-03-21 18:18:38"
4201221,"2024-03-21 18:07:27","2024-03-21 18:31:22"
5121221,"2024-03-21 18:08:43","2024-03-21 18:09:41"
13871221,"2024-03-21 18:30:51","2024-03-21 19:22:06"
14301221,"2024-03-21 18:31:36","2024-03-21 18:39:57"
17021221,"2024-03-21 18:37:09","2024-03-21 18:45:49"
20511221,"2024-03-21 18:42:34","2024-03-21 18:55:27"
33321221,"2024-03-21 18:59:43","2024-03-21 19:01:09"
34021221,"2024-03-21 19:01:15","2024-03-21 19:02:13"
1751321,"2024-03-21 19:03:06","2024-03-21 19:05:16"
2241321,"2024-03-21 19:04:08","2024-03-21 22:46:00"
8111321,"2024-03-21 19:11:14","2024-03-21 19:12:01"
17481321,"2024-03-21 19:23:54","2024-03-21 19:26:47"
19321321,"2024-03-21 19:25:53","2024-03-21 19:31:03"
18961321,"2024-03-21 19:26:03","2024-03-21 19:27:39"
20551321,"2024-03-21 19:27:42","2024-03-21 20:09:24"
34311321,"2024-03-21 19:42:39","2024-03-21 19:57:12"
41401321,"2024-03-21 19:49:57","2024-03-21 19:51:21"
42721321,"2024-03-21 19:51:12","2024-03-21 19:56:56"
43181321,"2024-03-21 19:52:16","2024-03-21 19:56:35"
50281321,"2024-03-21 19:59:07","2024-03-21 20:01:08"
5691421,"2024-03-21 20:06:55","2024-03-21 20:08:00"
16361421,"2024-03-21 20:20:13","2024-03-21 23:51:12"
21311421,"2024-03-21 20:23:40","2024-03-21 20:24:51"
17360921,"2024-03-21 20:50:47","2024-03-21 20:52:52"
51221421,"2024-03-21 20:54:08","2024-03-21 21:23:03"
55781421,"2024-03-21 20:58:22","2024-03-21 21:00:02"
431521,"2024-03-21 21:01:15","2024-03-21 21:35:38"
8631521,"2024-03-21 21:09:39","2024-03-21 21:19:36"
22251521,"2024-03-21 21:23:12","2024-03-21 21:40:09"
33331521,"2024-03-21 21:32:58","2024-03-21 21:43:45"
47521521,"2024-03-21 21:46:07","2024-03-21 23:04:29"
54231521,"2024-03-21 21:52:07","2024-03-21 21:58:23"
55991521,"2024-03-21 21:53:46","2024-03-21 22:21:10"
63621521,"2024-03-21 22:00:14","2024-03-21 22:33:07"
8921621,"2024-03-21 22:08:25","2024-03-21 22:19:37"
12561621,"2024-03-21 22:11:30","2024-03-21 22:36:00"
22331621,"2024-03-21 22:19:20","2024-03-21 22:37:22"
23681621,"2024-03-21 22:20:40","2024-03-21 22:23:23"
25881621,"2024-03-21 22:22:25","2024-03-21 22:24:10"
33901621,"2024-03-21 22:30:07","2024-03-21 22:40:00"
34351621,"2024-03-21 22:30:31","2024-03-21 22:32:42"
38981621,"2024-03-21 22:34:10","2024-03-21 22:36:14"
40651621,"2024-03-21 22:35:49","2024-03-21 22:37:16"
61491621,"2024-03-21 22:51:49","2024-03-21 22:55:11"
6081721,"2024-03-21 23:05:12","2024-03-21 23:06:55"
46121721,"2024-03-21 23:34:16","2024-03-21 23:35:22"
58121721,"2024-03-21 23:42:02","2024-03-21 23:44:51"
34441921,"2024-03-22 01:34:36","2024-03-22 01:36:19"
1292121,"2024-03-22 03:04:01","2024-03-22 03:16:08"
4252121,"2024-03-22 03:11:37","2024-03-22 03:53:38"
12152121,"2024-03-22 03:32:00","2024-03-22 04:05:08"
20242121,"2024-03-22 03:58:47","2024-03-22 04:48:48"
8092221,"2024-03-22 04:25:34","2024-03-22 13:52:56"
12672221,"2024-03-22 04:36:14","2024-03-22 04:44:42"
12812221,"2024-03-22 04:36:38","2024-03-22 11:56:53"
14742221,"2024-03-22 04:40:32","2024-03-22 04:42:44"
23792221,"2024-03-22 04:57:09","2024-03-22 05:07:20"
13122321,"2024-03-22 05:23:12","2024-03-22 05:24:28"
20482321,"2024-03-22 05:35:43","2024-03-22 05:36:46"
21652321,"2024-03-22 05:38:15","2024-03-22 05:45:26"
24872321,"2024-03-22 05:44:43","2024-03-22 06:20:35"
27812321,"2024-03-22 05:50:25","2024-03-22 06:00:17"
30542321,"2024-03-22 05:57:39","2024-03-22 06:09:13"
17890022,"2024-03-22 06:55:19","2024-03-22 07:10:25"
12790122,"2024-03-22 07:38:24","2024-03-22 09:38:25"
16540122,"2024-03-22 07:48:41","2024-03-22 07:49:35"
1200222,"2024-03-22 08:04:11","2024-03-22 08:08:06"
9070322,"2024-03-22 09:20:22","2024-03-22 11:22:55"
11280322,"2024-03-22 09:25:12","2024-03-22 09:27:10"
27450322,"2024-03-22 09:54:06","2024-03-22 09:54:49"
27900322,"2024-03-22 09:56:14","2024-03-22 10:05:27"
5540422,"2024-03-22 10:10:49","2024-03-22 12:09:01"
7080422,"2024-03-22 10:13:25","2024-03-22 10:15:25"
11810422,"2024-03-22 10:20:18","2024-03-22 10:22:11"
15340422,"2024-03-22 10:26:01","2024-03-22 10:41:05"
21220422,"2024-03-22 10:34:38","2024-03-22 10:35:34"
26930422,"2024-03-22 10:41:51","2024-03-22 11:32:56"
29670422,"2024-03-22 10:45:54","2024-03-22 18:54:43"
33810422,"2024-03-22 10:51:42","2024-03-22 10:52:39"
35990422,"2024-03-22 10:54:17","2024-03-22 10:56:16"
37910422,"2024-03-22 10:57:20","2024-03-22 11:16:36"
38010422,"2024-03-22 10:57:25","2024-03-22 10:59:47"
39230422,"2024-03-22 10:59:40","2024-03-22 11:00:56"
4680522,"2024-03-22 11:07:46","2024-03-22 11:12:09"
6110522,"2024-03-22 11:09:46","2024-03-22 11:13:46"
11880522,"2024-03-22 11:17:38","2024-03-22 11:22:01"
12750522,"2024-03-22 11:18:33","2024-03-22 12:24:58"
26040522,"2024-03-22 11:40:11","2024-03-22 11:52:50"
26800522,"2024-03-22 11:41:35","2024-03-22 11:45:28"
15680622,"2024-03-22 12:25:19","2024-03-22 12:29:50"
20300622,"2024-03-22 12:32:18","2024-03-22 12:33:26"
20690622,"2024-03-22 12:33:25","2024-03-22 12:42:30"
25350622,"2024-03-22 12:40:27","2024-03-22 12:52:48"
29800622,"2024-03-22 12:48:15","2024-03-22 13:14:03"
31350622,"2024-03-22 12:50:37","2024-03-22 12:58:32"
13070722,"2024-03-22 13:34:38","2024-03-22 13:47:41"
2280822,"2024-03-22 14:04:13","2024-03-22 14:07:21"
2250822,"2024-03-22 14:05:32","2024-03-22 14:57:24"
7700822,"2024-03-22 14:12:02","2024-03-22 14:12:54"
10980822,"2024-03-22 14:16:04","2024-03-22 15:59:23"
19970822,"2024-03-22 14:29:57","2024-03-22 15:40:57"
21290822,"2024-03-22 14:31:43","2024-03-22 14:42:59"
21430822,"2024-03-22 14:31:59","2024-03-22 14:44:28"
23340822,"2024-03-22 14:36:12","2024-03-22 14:40:25"
35120822,"2024-03-22 14:51:16","2024-03-22 15:34:39"
36530822,"2024-03-22 14:53:25","2024-03-22 14:55:08"
39070822,"2024-03-22 14:57:06","2024-03-22 20:49:01"
1380922,"2024-03-22 15:03:36","2024-03-22 15:05:26"
4770922,"2024-03-22 15:09:51","2024-03-22 15:12:30"
7000922,"2024-03-22 15:13:53","2024-03-22 15:15:03"
14920922,"2024-03-22 15:25:47","2024-03-22 15:29:34"
15520922,"2024-03-22 15:26:36","2024-03-22 15:29:26"
17700922,"2024-03-22 15:30:21","2024-03-22 16:11:12"
18050922,"2024-03-22 15:30:30","2024-03-22 15:41:22"
29410922,"2024-03-22 15:47:41","2024-03-22 15:50:11"
31110922,"2024-03-22 15:49:59","2024-03-22 15:58:03"
31960922,"2024-03-22 15:50:53","2024-03-22 22:43:42"
32850922,"2024-03-22 15:52:23","2024-03-22 15:56:09"
34150922,"2024-03-22 15:54:30","2024-03-22 15:55:35"
2171022,"2024-03-22 16:04:42","2024-03-22 16:05:30"
2621022,"2024-03-22 16:05:06","2024-03-22 16:12:33"
7521022,"2024-03-22 16:14:29","2024-03-22 16:20:07"
13501022,"2024-03-22 16:28:07","2024-03-22 16:30:13"
15981022,"2024-03-22 16:29:10","2024-03-22 16:30:48"
19491022,"2024-03-22 16:37:22","2024-03-22 16:39:36"
24061022,"2024-03-22 16:45:25","2024-03-22 16:49:50"
3351122,"2024-03-22 17:08:30","2024-03-22 17:17:39"
9481122,"2024-03-22 17:23:11","2024-03-22 17:30:54"
13851122,"2024-03-22 17:31:30","2024-03-22 17:32:31"
16871122,"2024-03-22 17:37:29","2024-03-22 17:39:13"
20771122,"2024-03-22 17:45:37","2024-03-22 20:14:35"
21351122,"2024-03-22 17:46:46","2024-03-22 19:08:35"
25071122,"2024-03-22 17:55:09","2024-03-22 17:57:11"
1231222,"2024-03-22 18:04:07","2024-03-22 18:05:51"
3261222,"2024-03-22 18:11:48","2024-03-22 18:17:10"
14341222,"2024-03-22 18:46:01","2024-03-22 18:47:34"
16421222,"2024-03-22 18:51:03","2024-03-22 18:56:45"
16541222,"2024-03-22 18:51:42","2024-03-22 18:53:27"
3141322,"2024-03-22 19:07:00","2024-03-22 19:10:59"
4421322,"2024-03-22 19:09:20","2024-03-22 19:13:11"
5571322,"2024-03-22 19:11:23","2024-03-22 19:12:23"
11061322,"2024-03-22 19:19:12","2024-03-22 19:20:22"
13121322,"2024-03-22 19:22:18","2024-03-22 19:23:58"
25091322,"2024-03-22 19:39:57","2024-03-22 19:41:53"
35801322,"2024-03-22 19:54:03","2024-03-22 20:05:43"
36461322,"2024-03-22 19:55:08","2024-03-22 20:01:42"
39451322,"2024-03-22 19:59:39","2024-03-22 20:03:13"
6961422,"2024-03-22 20:11:08","2024-03-22 20:15:40"
20021422,"2024-03-22 20:31:07","2024-03-22 20:32:22"
20291422,"2024-03-22 20:31:38","2024-03-22 20:33:16"
24811422,"2024-03-22 20:38:19","2024-03-22 20:50:31"
43991522,"2024-03-22 21:54:07","2024-03-22 23:33:01"
8301622,"2024-03-22 22:09:09","2024-03-22 22:12:39"
6711622,"2024-03-22 22:10:20","2024-03-22 22:11:48"
55521622,"2024-03-22 22:51:54","2024-03-22 22:53:51"
59761622,"2024-03-22 22:55:59","2024-03-22 23:02:00"
4841722,"2024-03-22 23:05:29","2024-03-22 23:06:54"
3941222,"2024-03-22 23:31:07","2024-03-22 23:32:11"
54831722,"2024-03-22 23:43:13","2024-03-22 23:45:09"
17491822,"2024-03-23 00:11:43","2024-03-23 00:14:21"
30521822,"2024-03-23 00:19:26","2024-03-23 00:29:13"
85931822,"2024-03-23 00:56:48","2024-03-23 00:57:49"
571922,"2024-03-23 01:01:37","2024-03-23 01:02:38"
15011922,"2024-03-23 01:14:16","2024-03-23 01:17:54"
46721922,"2024-03-23 01:50:09","2024-03-23 01:50:49"
50791922,"2024-03-23 01:58:53","2024-03-23 02:27:50"
11492022,"2024-03-23 02:19:39","2024-03-23 02:21:53"
29362022,"2024-03-23 02:56:58","2024-03-23 17:39:06"
6732122,"2024-03-23 03:17:50","2024-03-23 03:31:35"
2942222,"2024-03-23 04:09:43","2024-03-23 05:29:33"
13742222,"2024-03-23 04:35:24","2024-03-23 04:36:09"
27282222,"2024-03-23 04:59:29","2024-03-23 05:15:42"
13392322,"2024-03-23 05:22:01","2024-03-23 05:26:23"
4900023,"2024-03-23 06:09:38","2024-03-23 06:18:45"
18530023,"2024-03-23 06:42:09","2024-03-23 18:52:47"
5580123,"2024-03-23 07:16:21","2024-03-23 08:14:26"
7460123,"2024-03-23 07:22:31","2024-03-23 07:27:17"
18800123,"2024-03-23 07:56:41","2024-03-23 07:58:29"
2350323,"2024-03-23 09:04:25","2024-03-23 10:22:29"
30120323,"2024-03-23 09:53:20","2024-03-23 09:56:50"
34070323,"2024-03-23 10:00:18","2024-03-23 10:15:00"
9240423,"2024-03-23 10:14:53","2024-03-23 10:16:32"
25190423,"2024-03-23 10:37:48","2024-03-23 14:20:35"
28180423,"2024-03-23 10:42:13","2024-03-23 10:45:19"
31220423,"2024-03-23 10:48:18","2024-03-23 10:52:54"
36350423,"2024-03-23 10:53:19","2024-03-23 10:55:58"
40720423,"2024-03-23 11:00:14","2024-03-23 11:04:46"
2670523,"2024-03-23 11:03:36","2024-03-23 11:05:02"
30130523,"2024-03-23 11:51:19","2024-03-23 14:30:45"
6500623,"2024-03-23 12:12:52","2024-03-23 14:30:51"
22240723,"2024-03-23 13:45:07","2024-03-23 13:45:59"
9800823,"2024-03-23 14:18:09","2024-03-23 14:19:53"
18870823,"2024-03-23 14:34:31","2024-03-23 14:49:38"
23010823,"2024-03-23 14:42:05","2024-03-23 14:45:15"
23600823,"2024-03-23 14:43:17","2024-03-23 14:49:38"
14320823,"2024-03-23 14:43:19","2024-03-23 17:37:25"
27600823,"2024-03-23 14:49:18","2024-03-23 14:55:30"
29200823,"2024-03-23 14:51:34","2024-03-23 14:53:04"
25170923,"2024-03-23 15:42:00","2024-03-23 15:52:00"
27140923,"2024-03-23 15:45:22","2024-03-23 15:47:09"
31790923,"2024-03-23 15:53:50","2024-03-23 15:57:11"
35450923,"2024-03-23 16:00:30","2024-03-23 16:08:30"
7551123,"2024-03-23 17:17:01","2024-03-23 17:38:18"
17160306,"2024-04-06 09:46:17","2024-04-06 09:52:32"
21161123,"2024-03-23 17:44:42","2024-03-23 17:48:38"
25151123,"2024-03-23 17:55:33","2024-03-23 19:15:25"
111223,"2024-03-23 18:00:54","2024-03-23 18:02:43"
10451223,"2024-03-23 18:38:52","2024-03-23 18:42:30"
11071223,"2024-03-23 18:40:18","2024-03-23 18:48:38"
11941223,"2024-03-23 18:42:00","2024-03-23 18:44:08"
29831323,"2024-03-23 19:47:59","2024-03-23 19:51:47"
32301323,"2024-03-23 19:55:19","2024-03-23 19:56:48"
22831423,"2024-03-23 20:31:37","2024-03-23 20:33:58"
44251423,"2024-03-23 20:58:24","2024-03-23 21:09:44"
34261523,"2024-03-23 21:40:49","2024-03-23 21:46:10"
34861523,"2024-03-23 21:41:53","2024-03-23 21:59:41"
43661523,"2024-03-23 21:50:55","2024-03-23 22:06:27"
51291523,"2024-03-23 21:57:53","2024-03-23 23:58:17"
51711523,"2024-03-23 21:58:17","2024-03-23 22:04:25"
8401623,"2024-03-23 22:07:41","2024-03-23 22:21:29"
54321623,"2024-03-23 22:44:55","2024-03-23 22:58:07"
56551623,"2024-03-23 22:46:38","2024-03-23 22:50:53"
65361623,"2024-03-23 22:52:41","2024-03-23 22:56:24"
70141623,"2024-03-23 22:56:30","2024-03-23 22:58:32"
7791723,"2024-03-23 23:07:30","2024-03-23 23:17:13"
32741723,"2024-03-23 23:23:59","2024-03-23 23:25:01"
17881823,"2024-03-24 00:14:38","2024-03-24 00:27:06"
39061823,"2024-03-24 00:31:56","2024-03-24 00:36:35"
63991823,"2024-03-24 00:50:48","2024-03-24 00:56:12"
67421923,"2024-03-24 01:22:43","2024-03-24 01:23:33"
94881923,"2024-03-24 01:34:46","2024-03-24 01:39:22"
11742023,"2024-03-24 02:07:38","2024-03-24 02:09:22"
35032023,"2024-03-24 02:19:37","2024-03-24 02:29:27"
40482023,"2024-03-24 02:22:38","2024-03-24 02:46:56"
73892023,"2024-03-24 02:45:13","2024-03-24 02:51:48"
20492123,"2024-03-24 03:17:54","2024-03-24 03:26:30"
24682123,"2024-03-24 03:24:17","2024-03-24 03:29:11"
51872223,"2024-03-24 04:55:05","2024-03-24 04:57:10"
6342323,"2024-03-24 05:06:22","2024-03-24 05:09:13"
10432323,"2024-03-24 05:10:31","2024-03-24 05:16:37"
28632323,"2024-03-24 05:27:55","2024-03-24 05:28:53"
32472323,"2024-03-24 05:49:32","2024-03-24 06:12:02"
7060024,"2024-03-24 06:11:36","2024-03-24 06:12:27"
31280024,"2024-03-24 06:46:27","2024-03-24 06:48:13"
2390224,"2024-03-24 08:03:41","2024-03-24 08:05:23"
22620224,"2024-03-24 08:31:43","2024-03-24 08:33:02"
11430324,"2024-03-24 09:17:01","2024-03-24 09:21:18"
39110324,"2024-03-24 09:48:13","2024-03-24 10:02:35"
24250424,"2024-03-24 10:31:00","2024-03-24 19:37:04"
33470424,"2024-03-24 10:36:22","2024-03-24 11:09:28"
34330424,"2024-03-24 10:37:39","2024-03-24 10:40:24"
34540424,"2024-03-24 10:38:24","2024-03-24 11:32:51"
26850524,"2024-03-24 11:26:04","2024-03-24 19:45:15"
66110624,"2024-03-24 12:58:06","2024-03-24 12:59:23"
35770724,"2024-03-24 13:35:55","2024-03-24 13:38:11"
5830924,"2024-03-24 15:06:58","2024-03-24 15:11:17"
50130924,"2024-03-24 15:49:58","2024-03-24 15:50:52"
49840924,"2024-03-24 15:50:04","2024-03-24 15:51:47"
9771024,"2024-03-24 16:10:25","2024-03-24 19:44:52"
31681024,"2024-03-24 16:32:57","2024-03-24 16:37:54"
36091024,"2024-03-24 16:38:12","2024-03-24 17:00:42"
47221024,"2024-03-24 16:50:35","2024-03-24 17:01:40"
9181224,"2024-03-24 18:14:05","2024-03-24 19:46:56"
31481224,"2024-03-24 18:49:53","2024-03-24 18:51:09"
2021324,"2024-03-24 19:02:45","2024-03-24 19:03:55"
261324,"2024-03-24 19:03:54","2024-03-24 19:04:58"
25901324,"2024-03-24 19:24:27","2024-03-24 19:29:14"
45931324,"2024-03-24 19:41:22","2024-03-24 19:46:04"
56261324,"2024-03-24 19:49:55","2024-03-24 19:54:42"
17061424,"2024-03-24 20:15:09","2024-03-24 20:26:10"
5881524,"2024-03-24 21:03:57","2024-03-24 21:05:15"
18571524,"2024-03-24 21:11:47","2024-03-24 21:12:57"
60681524,"2024-03-24 21:41:41","2024-03-24 22:28:58"
58381524,"2024-03-24 21:43:45","2024-03-24 21:46:08"
22721624,"2024-03-24 22:33:18","2024-03-24 22:34:19"
8441724,"2024-03-24 23:09:51","2024-03-24 23:39:23"
33391724,"2024-03-24 23:36:20","2024-03-24 23:37:51"
45691824,"2024-03-25 00:49:41","2024-03-25 00:55:46"
5051924,"2024-03-25 01:06:56","2024-03-25 04:33:26"
24981924,"2024-03-25 01:30:25","2024-03-25 01:31:25"
13162224,"2024-03-25 04:33:50","2024-03-25 04:45:11"
19302224,"2024-03-25 04:44:39","2024-03-25 04:50:28"
25152224,"2024-03-25 04:54:54","2024-03-25 04:57:22"
3640125,"2024-03-25 07:15:07","2024-03-25 11:58:25"
13750125,"2024-03-25 07:54:37","2024-03-25 07:55:38"
14700125,"2024-03-25 08:00:50","2024-03-25 08:19:54"
18390225,"2024-03-25 08:57:34","2024-03-25 09:18:13"
10700325,"2024-03-25 09:30:37","2024-03-25 13:41:57"
17340425,"2024-03-25 10:35:33","2024-03-25 10:36:26"
20410425,"2024-03-25 10:41:39","2024-03-25 16:45:37"
31090525,"2024-03-25 11:58:02","2024-03-25 19:18:10"
4270625,"2024-03-25 12:11:54","2024-03-25 12:14:20"
6730625,"2024-03-25 12:17:06","2024-03-25 15:19:26"
9610625,"2024-03-25 12:23:10","2024-03-25 12:23:58"
13820625,"2024-03-25 12:30:55","2024-03-25 12:31:56"
25430625,"2024-03-25 12:54:48","2024-03-25 19:21:32"
4500825,"2024-03-25 14:09:23","2024-03-25 14:11:10"
9420825,"2024-03-25 14:18:24","2024-03-25 14:20:21"
19450825,"2024-03-25 14:36:25","2024-03-25 14:39:42"
19950825,"2024-03-25 14:37:19","2024-03-25 14:39:16"
20170825,"2024-03-25 14:37:40","2024-03-25 14:41:01"
23180825,"2024-03-25 14:43:29","2024-03-25 14:46:13"
1910925,"2024-03-25 15:04:10","2024-03-25 15:05:10"
12110925,"2024-03-25 15:22:56","2024-03-25 15:25:53"
20120925,"2024-03-25 15:37:39","2024-03-25 15:52:57"
23800925,"2024-03-25 15:44:16","2024-03-25 19:26:30"
22401025,"2024-03-25 16:47:32","2024-03-25 16:51:37"
3081125,"2024-03-25 17:07:12","2024-03-25 17:10:14"
8021125,"2024-03-25 17:19:24","2024-03-25 19:32:34"
22831125,"2024-03-25 17:54:54","2024-03-25 17:59:46"
7131225,"2024-03-25 18:23:52","2024-03-25 18:27:22"
29891325,"2024-03-25 19:54:32","2024-03-25 20:01:43"
11651425,"2024-03-25 20:10:38","2024-03-25 20:12:51"
19711425,"2024-03-25 20:19:31","2024-03-25 20:38:22"
22511425,"2024-03-25 20:23:07","2024-03-25 20:32:54"
38451425,"2024-03-25 20:42:37","2024-03-25 23:21:31"
41341425,"2024-03-25 20:45:24","2024-03-25 20:47:18"
51831425,"2024-03-25 20:57:30","2024-03-25 20:59:14"
53111425,"2024-03-25 20:58:50","2024-03-25 21:00:46"
14091525,"2024-03-25 21:17:02","2024-03-25 21:18:27"
25041525,"2024-03-25 21:29:47","2024-03-25 21:31:34"
27361525,"2024-03-25 21:32:18","2024-03-25 21:33:05"
161625,"2024-03-25 22:00:39","2024-03-25 23:23:15"
38241625,"2024-03-25 22:38:36","2024-03-25 22:41:21"
38651625,"2024-03-25 22:39:00","2024-03-25 22:55:31"
43591625,"2024-03-25 22:42:41","2024-03-25 23:49:40"
59771625,"2024-03-25 22:59:48","2024-03-25 23:02:06"
8911725,"2024-03-25 23:09:58","2024-03-25 23:15:16"
15271725,"2024-03-25 23:14:54","2024-03-25 23:19:37"
34741725,"2024-03-25 23:30:08","2024-03-25 23:32:01"
13251825,"2024-03-26 00:12:31","2024-03-26 16:20:53"
21851825,"2024-03-26 00:19:35","2024-03-26 10:08:42"
24481825,"2024-03-26 00:22:13","2024-03-26 00:24:34"
62761825,"2024-03-26 00:57:08","2024-03-26 01:02:53"
17781925,"2024-03-26 01:23:13","2024-03-26 14:26:27"
19711925,"2024-03-26 01:25:15","2024-03-26 01:30:25"
24892025,"2024-03-26 02:47:44","2024-03-26 02:49:06"
10062125,"2024-03-26 03:29:03","2024-03-26 03:31:36"
8312225,"2024-03-26 04:17:44","2024-03-26 04:57:00"
26372225,"2024-03-26 04:51:04","2024-03-26 04:52:04"
14002325,"2024-03-26 05:30:23","2024-03-26 05:32:49"
23142325,"2024-03-26 05:48:32","2024-03-26 05:50:05"
26612325,"2024-03-26 05:55:33","2024-03-26 05:59:22"
6620026,"2024-03-26 06:19:10","2024-03-26 12:03:09"
12610026,"2024-03-26 06:42:46","2024-03-26 06:49:29"
18310026,"2024-03-26 06:59:38","2024-03-26 07:01:10"
18300126,"2024-03-26 07:59:18","2024-03-26 08:55:12"
16820226,"2024-03-26 08:47:32","2024-03-26 13:36:01"
18480226,"2024-03-26 08:51:43","2024-03-26 08:56:44"
1160426,"2024-03-26 10:02:41","2024-03-26 18:11:22"
7110426,"2024-03-26 10:14:10","2024-03-26 10:17:22"
7360426,"2024-03-26 10:14:59","2024-03-26 13:20:14"
25810426,"2024-03-26 10:50:15","2024-03-26 10:51:09"
14310526,"2024-03-26 11:24:22","2024-03-26 23:57:42"
27120526,"2024-03-26 11:50:23","2024-03-26 11:52:36"
12400726,"2024-03-26 13:14:08","2024-03-26 13:28:53"
20880726,"2024-03-26 13:22:44","2024-03-26 13:26:46"
43780726,"2024-03-26 13:57:09","2024-03-26 14:08:06"
44890726,"2024-03-26 13:58:41","2024-03-26 15:11:17"
6700826,"2024-03-26 14:11:53","2024-03-26 14:13:56"
9300826,"2024-03-26 14:14:00","2024-03-26 20:24:25"
16510826,"2024-03-26 14:23:03","2024-03-26 14:24:00"
18020826,"2024-03-26 14:24:41","2024-03-26 21:12:46"
32990826,"2024-03-26 14:48:08","2024-03-26 14:49:51"
3560926,"2024-03-26 15:06:21","2024-03-26 15:07:45"
18650926,"2024-03-26 15:35:30","2024-03-26 16:47:44"
35910926,"2024-03-26 15:53:49","2024-03-26 15:55:00"
3761026,"2024-03-26 16:07:03","2024-03-26 16:09:42"
9001026,"2024-03-26 16:16:08","2024-03-26 16:17:59"
27271026,"2024-03-26 16:47:18","2024-03-26 16:57:02"
28661026,"2024-03-26 16:49:39","2024-03-26 17:09:24"
29721026,"2024-03-26 16:51:03","2024-03-26 16:58:39"
25401126,"2024-03-30 01:00:38","2024-03-30 10:49:00"
531929,"2024-03-30 01:00:38","2024-03-30 10:49:00"
30711126,"2024-03-26 18:00:13","2024-03-26 18:01:35"
6771226,"2024-03-26 18:17:18","2024-03-26 19:25:15"
8091226,"2024-03-26 18:21:40","2024-03-26 19:26:09"
20261226,"2024-03-26 18:52:11","2024-03-26 18:55:46"
20791226,"2024-03-27 03:28:58","2024-03-27 03:30:46"
17731326,"2024-03-26 19:29:50","2024-03-26 19:31:52"
27661326,"2024-03-26 19:45:28","2024-03-26 19:54:00"
36481326,"2024-03-26 19:58:49","2024-03-26 20:01:08"
651426,"2024-03-26 20:05:30","2024-03-26 20:13:38"
33261426,"2024-03-26 20:39:43","2024-03-26 20:43:17"
38031426,"2024-03-26 20:45:23","2024-03-26 21:57:42"
45231426,"2024-03-26 20:54:23","2024-03-26 20:55:30"
47031426,"2024-03-26 20:56:37","2024-03-26 21:04:25"
2041526,"2024-03-26 21:03:50","2024-03-26 21:15:58"
20701526,"2024-03-26 21:39:25","2024-03-26 22:02:22"
30721526,"2024-03-26 21:47:20","2024-03-26 21:53:22"
42271526,"2024-03-29 07:32:55","2024-03-29 09:54:43"
41141526,"2024-03-26 21:51:31","2024-03-26 21:53:56"
43041526,"2024-03-26 21:51:50","2024-03-26 21:53:14"
9571626,"2024-03-26 22:09:40","2024-03-26 22:10:55"
1241726,"2024-03-26 23:02:03","2024-03-26 23:05:08"
4571726,"2024-03-26 23:04:32","2024-03-26 23:19:33"
12411726,"2024-03-26 23:10:40","2024-03-26 23:18:29"
11341826,"2024-03-27 00:11:04","2024-03-27 05:08:42"
40191826,"2024-03-27 00:38:08","2024-03-27 00:42:24"
41571826,"2024-03-27 00:40:09","2024-03-27 00:43:18"
51931826,"2024-03-27 00:51:47","2024-03-27 12:57:50"
13581926,"2024-03-27 01:20:31","2024-03-27 01:25:57"
40691926,"2024-03-27 01:53:17","2024-03-27 01:56:26"
2042126,"2024-03-27 03:04:36","2024-03-27 03:07:41"
14332126,"2024-03-27 03:28:23","2024-03-27 03:34:18"
16992126,"2024-03-27 03:34:19","2024-03-27 03:35:29"
24082226,"2024-03-27 04:47:00","2024-03-27 04:48:30"
25882226,"2024-03-27 04:50:22","2024-03-27 05:02:27"
30432226,"2024-03-27 04:57:57","2024-03-27 04:59:38"
12002326,"2024-03-27 05:24:13","2024-03-27 05:25:01"
5850027,"2024-03-27 06:19:07","2024-03-27 09:36:58"
6510027,"2024-03-27 06:19:07","2024-03-27 09:36:58"
790127,"2024-03-27 07:03:51","2024-03-27 07:33:55"
8340127,"2024-03-27 07:38:23","2024-03-27 07:46:35"
8050227,"2024-03-27 08:24:04","2024-03-27 08:28:30"
21090227,"2024-03-27 08:55:05","2024-03-27 08:59:18"
3770327,"2024-03-27 09:07:31","2024-03-27 09:08:37"
10100327,"2024-03-27 09:17:48","2024-03-27 09:27:47"
32630327,"2024-03-27 09:57:15","2024-03-27 13:01:41"
3240427,"2024-03-27 10:05:39","2024-03-27 10:07:07"
14030427,"2024-03-27 10:24:59","2024-03-27 11:51:02"
23300427,"2024-03-27 10:39:49","2024-03-27 14:40:55"
26140427,"2024-03-27 10:43:29","2024-03-27 10:44:29"
28970427,"2024-03-27 10:48:29","2024-03-27 10:49:32"
9030527,"2024-03-27 11:13:35","2024-03-27 13:18:09"
23200527,"2024-03-27 11:48:37","2024-03-27 11:52:50"
26490527,"2024-03-27 11:58:25","2024-03-27 11:59:42"
24080727,"2024-03-27 13:59:49","2024-03-27 14:05:05"
8860827,"2024-03-27 14:18:27","2024-03-27 14:23:27"
28130827,"2024-03-27 14:52:27","2024-03-27 14:56:46"
12520927,"2024-03-27 15:25:08","2024-03-27 15:29:30"
16121027,"2024-03-27 16:39:01","2024-03-27 16:41:22"
91327,"2024-03-27 19:00:33","2024-03-27 19:01:22"
18031327,"2024-03-27 19:39:22","2024-03-27 19:47:05"
16191327,"2024-03-27 19:41:28","2024-03-27 19:42:25"
27641327,"2024-03-27 19:56:55","2024-03-27 19:57:56"
25201427,"2024-03-27 20:46:41","2024-03-27 20:47:39"
30041427,"2024-03-27 20:55:54","2024-03-27 21:00:51"
9171527,"2024-03-27 21:16:58","2024-03-27 21:19:06"
26161527,"2024-03-27 21:45:28","2024-03-27 21:56:19"
37721627,"2024-03-27 22:58:11","2024-03-27 22:59:40"
24531727,"2024-03-27 23:28:54","2024-03-27 23:32:37"
27761727,"2024-03-27 23:32:33","2024-03-27 23:35:43"
28391727,"2024-03-28 04:45:47","2024-03-28 08:02:33"
17912227,"2024-03-28 04:45:47","2024-03-28 08:02:33"
43921727,"2024-03-27 23:49:48","2024-03-27 23:52:41"
44291727,"2024-03-27 23:50:12","2024-03-27 23:53:49"
44061727,"2024-03-27 23:50:16","2024-03-27 23:52:22"
19071827,"2024-03-28 00:23:33","2024-03-28 00:25:24"
23041827,"2024-03-28 00:28:07","2024-03-28 00:39:39"
6651927,"2024-03-28 01:12:32","2024-03-28 01:13:13"
16081927,"2024-03-28 01:29:05","2024-03-28 01:32:47"
22191927,"2024-03-28 01:40:22","2024-03-28 01:42:12"
462027,"2024-03-28 02:01:33","2024-03-28 02:03:19"
2522027,"2024-03-28 02:07:49","2024-03-28 02:14:55"
7562027,"2024-03-28 02:20:47","2024-03-28 11:25:31"
13822027,"2024-03-28 02:40:46","2024-03-28 02:47:36"
16762027,"2024-03-28 02:49:34","2024-03-28 02:51:44"
10982127,"2024-03-28 03:39:14","2024-03-28 03:40:33"
17452127,"2024-03-28 03:59:39","2024-03-28 11:25:43"
13712227,"2024-03-28 04:37:56","2024-03-28 04:45:42"
16382227,"2024-03-28 04:43:27","2024-03-28 04:49:48"
6212327,"2024-03-28 05:14:59","2024-03-28 05:16:34"
11862327,"2024-03-28 05:30:08","2024-03-28 05:31:18"
6930028,"2024-03-28 06:30:02","2024-03-28 06:43:19"
6220128,"2024-03-28 07:28:33","2024-03-28 07:30:35"
13610128,"2024-03-28 07:55:04","2024-03-28 08:02:48"
1380228,"2024-03-28 08:04:13","2024-03-28 08:06:02"
1570228,"2024-03-28 08:04:53","2024-03-28 08:08:05"
12310228,"2024-03-28 08:38:57","2024-03-28 10:23:22"
15050228,"2024-03-28 08:47:40","2024-03-28 08:52:29"
18520228,"2024-03-28 08:57:15","2024-03-28 08:59:53"
18080228,"2024-03-28 09:01:51","2024-03-28 14:21:56"
1780328,"2024-03-28 09:05:41","2024-03-28 09:06:43"
8660328,"2024-03-28 09:26:38","2024-03-28 09:30:14"
12120328,"2024-03-28 09:35:01","2024-03-28 09:37:03"
17910328,"2024-03-28 09:48:29","2024-03-28 09:50:05"
990428,"2024-03-28 10:02:07","2024-03-28 10:03:50"
8570428,"2024-03-28 10:21:14","2024-03-28 10:23:28"
1640528,"2024-03-28 11:05:03","2024-03-28 11:08:14"
23080528,"2024-03-28 11:58:56","2024-03-28 12:39:27"
18800628,"2024-03-28 12:39:26","2024-03-28 13:01:42"
23510728,"2024-03-28 13:31:03","2024-03-28 13:32:05"
10820828,"2024-03-28 14:16:50","2024-03-28 14:18:31"
22940828,"2024-03-28 14:33:26","2024-03-28 14:56:54"
11980928,"2024-03-28 15:23:23","2024-03-28 15:29:49"
32670728,"2024-03-28 16:03:03","2024-03-28 16:04:45"
6281028,"2024-03-28 16:15:01","2024-03-28 16:17:10"
11621128,"2024-03-28 17:29:57","2024-03-28 19:15:24"
17651128,"2024-03-28 17:43:10","2024-03-28 17:47:17"
22741128,"2024-03-28 17:55:54","2024-03-28 18:00:01"
501228,"2024-03-28 18:01:52","2024-03-28 18:12:21"
7501228,"2024-03-28 18:27:12","2024-03-28 19:10:40"
7731228,"2024-03-28 18:28:09","2024-03-28 18:32:08"
1641328,"2024-03-28 19:03:26","2024-03-28 19:04:13"
8101328,"2024-03-28 19:16:14","2024-03-28 19:16:49"
10041328,"2024-03-28 19:20:01","2024-03-28 19:36:39"
12871328,"2024-03-28 19:25:00","2024-03-28 19:26:18"
851428,"2024-03-28 20:02:15","2024-03-28 20:04:46"
15221428,"2024-03-28 20:27:18","2024-03-28 20:28:57"
38921528,"2024-03-28 21:50:29","2024-03-28 21:51:43"
45451528,"2024-03-28 22:00:55","2024-03-28 22:02:03"
34181628,"2024-03-28 22:39:51","2024-03-28 22:48:44"
9941728,"2024-03-28 23:11:58","2024-03-28 23:23:09"
21431728,"2024-03-28 23:25:39","2024-03-28 23:26:50"
4991828,"2024-03-29 00:06:36","2024-03-29 08:48:46"
6651828,"2024-03-29 00:08:32","2024-03-29 00:56:26"
7751828,"2024-03-29 00:10:09","2024-03-29 00:13:07"
11501828,"2024-03-29 00:13:45","2024-03-29 00:14:56"
19661828,"2024-03-29 00:22:33","2024-03-29 00:24:18"
13012028,"2024-03-29 02:23:39","2024-03-29 03:26:33"
10002228,"2024-03-29 04:25:26","2024-03-29 04:27:21"
9752228,"2024-04-01 07:48:48","2024-04-01 22:46:24"
21832228,"2024-03-29 04:44:11","2024-03-29 04:46:21"
25702228,"2024-03-29 04:50:50","2024-03-29 04:53:02"
28512228,"2024-03-29 04:55:47","2024-03-29 04:56:41"
29912228,"2024-03-29 04:58:16","2024-03-29 05:01:18"
120229,"2024-03-29 08:01:38","2024-03-29 08:04:29"
20370329,"2024-03-29 09:49:07","2024-03-29 12:21:15"
20940329,"2024-03-29 09:50:14","2024-03-29 09:53:33"
21320429,"2024-03-29 10:42:13","2024-03-29 11:10:48"
22500429,"2024-03-29 10:44:33","2024-03-29 10:45:31"
8400529,"2024-03-29 11:15:06","2024-03-29 11:34:52"
12840529,"2024-03-29 11:29:14","2024-03-29 12:13:43"
15170529,"2024-03-29 11:33:18","2024-03-29 12:24:18"
1320629,"2024-03-29 12:05:00","2024-03-29 13:31:25"
820729,"2024-03-29 13:08:05","2024-03-29 13:10:43"
11740729,"2024-03-29 13:43:57","2024-03-29 13:44:32"
12010729,"2024-03-29 13:45:10","2024-03-29 14:19:03"
13250729,"2024-03-29 13:49:46","2024-03-29 13:51:27"
1840829,"2024-03-29 14:05:07","2024-03-29 14:07:38"
7830829,"2024-03-29 14:15:36","2024-03-29 14:16:50"
9220829,"2024-03-29 14:17:59","2024-03-29 14:40:37"
14990829,"2024-03-29 14:28:41","2024-03-29 14:30:48"
15960829,"2024-03-29 14:29:44","2024-03-29 16:12:27"
26740829,"2024-03-29 14:46:28","2024-03-29 14:47:31"
1500929,"2024-03-29 15:03:11","2024-03-29 15:04:42"
13310929,"2024-03-29 15:24:56","2024-03-29 15:25:46"
31090929,"2024-03-29 15:55:39","2024-03-29 16:49:53"
9791129,"2024-03-29 17:23:52","2024-03-29 17:52:26"
10081129,"2024-03-29 17:25:12","2024-03-29 20:37:43"
26181129,"2024-03-29 17:57:46","2024-03-29 18:01:46"
3821229,"2024-03-29 18:10:31","2024-03-29 18:15:53"
6071229,"2024-03-29 18:17:29","2024-03-29 18:19:24"
22511329,"2024-03-29 19:33:43","2024-03-29 19:36:55"
23851329,"2024-03-29 19:35:27","2024-03-29 19:37:00"
41051329,"2024-03-29 19:58:30","2024-03-29 20:03:08"
24661429,"2024-03-29 20:30:59","2024-03-29 20:38:08"
34591429,"2024-03-29 20:44:43","2024-03-29 20:46:18"
28331529,"2024-03-29 21:38:27","2024-03-29 21:39:36"
4681629,"2024-03-29 22:06:05","2024-03-29 22:21:53"
16081629,"2024-04-02 16:30:56","2024-04-02 16:36:17"
21811002,"2024-04-02 16:30:56","2024-04-02 16:36:17"
27571729,"2024-03-29 23:29:27","2024-03-29 23:38:52"
41211729,"2024-03-29 23:37:46","2024-03-29 23:51:57"
7882202,"2024-04-03 04:23:04","2024-04-03 04:25:40"
10292229,"2024-03-30 04:22:52","2024-03-30 04:23:53"
39892229,"2024-03-30 04:56:52","2024-03-30 05:04:53"
11822329,"2024-03-30 05:17:23","2024-03-30 12:27:15"
2520130,"2024-03-30 07:11:19","2024-03-30 07:12:43"
460230,"2024-03-30 08:02:05","2024-03-30 08:02:59"
16890230,"2024-03-30 08:46:41","2024-03-30 15:13:45"
18750230,"2024-03-30 08:51:13","2024-03-30 08:53:18"
3130330,"2024-03-30 09:07:09","2024-03-30 09:12:03"
9240430,"2024-03-30 10:16:30","2024-03-30 13:42:45"
27330430,"2024-03-30 10:47:56","2024-03-30 10:55:17"
17390730,"2024-03-30 13:37:04","2024-03-30 13:38:36"
22840730,"2024-03-30 13:48:16","2024-03-30 13:55:46"
4160830,"2024-03-30 14:08:23","2024-03-30 14:17:02"
5090830,"2024-03-30 14:09:46","2024-03-30 14:10:33"
30530830,"2024-03-30 14:57:28","2024-03-30 15:08:34"
23440930,"2024-03-30 15:45:07","2024-03-30 16:09:51"
27320930,"2024-03-30 15:52:46","2024-03-30 15:53:51"
28270930,"2024-03-30 15:55:13","2024-03-30 16:20:14"
10091030,"2024-03-30 16:18:22","2024-03-30 16:40:20"
11131030,"2024-03-30 16:20:17","2024-03-30 16:21:29"
15291030,"2024-03-30 16:30:28","2024-03-30 16:31:13"
8401130,"2024-03-30 17:16:56","2024-03-30 17:29:15"
25091130,"2024-03-30 17:53:44","2024-03-30 17:56:56"
9271230,"2024-03-30 18:26:18","2024-03-30 18:56:30"
20671230,"2024-03-30 18:49:59","2024-03-30 18:57:32"
15401230,"2024-03-30 18:54:50","2024-03-30 19:15:02"
351430,"2024-03-30 20:02:02","2024-03-30 22:15:13"
28511530,"2024-03-30 21:32:17","2024-03-30 21:33:14"
2121630,"2024-03-30 22:02:21","2024-03-30 22:06:04"
44021630,"2024-03-30 22:41:47","2024-03-30 22:42:55"
64141630,"2024-03-30 22:59:22","2024-03-30 23:05:11"
25121730,"2024-03-30 23:23:20","2024-03-30 23:32:39"
38671730,"2024-03-30 23:33:32","2024-03-30 23:34:24"
38291730,"2024-03-30 23:33:40","2024-03-30 23:34:38"
60131730,"2024-03-31 00:34:03","2024-03-31 18:49:49"
61311730,"2024-03-30 23:49:14","2024-03-30 23:54:03"
76031730,"2024-03-31 00:14:47","2024-03-31 18:07:24"
12441830,"2024-03-31 00:10:42","2024-03-31 00:27:22"
37591830,"2024-03-31 00:32:11","2024-03-31 00:33:46"
55611830,"2024-03-31 00:48:49","2024-03-31 00:49:50"
29072030,"2024-03-31 02:59:08","2024-03-31 03:08:08"
7992130,"2024-03-31 03:25:49","2024-03-31 03:26:42"
732230,"2024-03-31 04:03:05","2024-03-31 04:08:37"
3842230,"2024-03-31 04:12:00","2024-03-31 04:35:45"
6342230,"2024-03-31 04:19:26","2024-03-31 04:21:50"
1562330,"2024-03-31 05:04:05","2024-03-31 05:09:30"
2400231,"2024-03-31 08:08:05","2024-03-31 08:17:39"
12310231,"2024-03-31 08:37:14","2024-03-31 08:38:26"
23170331,"2024-03-31 10:13:50","2024-03-31 10:24:44"
5350431,"2024-03-31 10:14:32","2024-03-31 19:34:12"
30531,"2024-03-31 11:00:39","2024-03-31 18:04:40"
8840531,"2024-03-31 11:17:33","2024-03-31 11:18:18"
9840531,"2024-03-31 11:19:42","2024-03-31 11:20:35"
16410531,"2024-03-31 11:38:21","2024-03-31 11:57:21"
20540531,"2024-03-31 11:50:39","2024-03-31 11:56:46"
3280631,"2024-03-31 12:11:01","2024-03-31 12:11:58"
4150631,"2024-03-31 12:16:54","2024-03-31 12:22:24"
10740831,"2024-03-31 14:21:38","2024-03-31 14:25:58"
11720831,"2024-03-31 14:22:47","2024-03-31 14:35:22"
5690931,"2024-03-31 15:11:50","2024-03-31 15:14:30"
12001031,"2024-03-31 16:23:23","2024-03-31 16:29:22"
12531031,"2024-03-31 16:24:26","2024-03-31 16:25:11"
1741131,"2024-03-31 17:05:49","2024-03-31 17:06:49"
15571131,"2024-03-31 17:34:45","2024-03-31 17:37:28"
16911131,"2024-03-31 17:38:20","2024-03-31 22:36:45"
17201231,"2024-03-31 18:53:34","2024-03-31 18:55:57"
5261331,"2024-03-31 19:11:57","2024-03-31 19:13:33"
10971331,"2024-03-31 19:23:02","2024-03-31 19:29:18"
15491331,"2024-03-31 19:30:54","2024-03-31 19:34:18"
5441531,"2024-03-31 21:08:34","2024-03-31 21:10:29"
33671631,"2024-03-31 22:43:44","2024-03-31 22:45:35"
32811631,"2024-03-31 22:43:57","2024-03-31 23:40:28"
14421831,"2024-04-01 00:16:53","2024-04-01 18:28:32"
44651831,"2024-04-01 00:55:53","2024-04-01 20:47:54"
14601931,"2024-04-01 01:24:43","2024-04-01 22:29:42"
3552031,"2024-04-01 02:08:52","2024-04-01 16:56:24"
7962031,"2024-04-01 02:19:08","2024-04-01 02:19:56"
15272031,"2024-04-01 02:41:14","2024-04-01 02:48:38"
8902131,"2024-04-01 03:35:14","2024-04-01 21:29:46"
15502131,"2024-04-01 03:59:45","2024-04-01 04:03:29"
2582231,"2024-04-01 04:11:01","2024-04-01 19:32:55"
2992231,"2024-04-01 04:11:31","2024-04-01 18:01:29"
11942231,"2024-04-01 04:33:51","2024-04-01 04:36:13"
12862231,"2024-04-01 04:36:58","2024-04-01 04:59:37"
14062231,"2024-04-01 04:39:14","2024-04-01 16:34:19"
11472331,"2024-04-01 05:29:30","2024-04-01 16:12:40"
12582331,"2024-04-01 05:33:06","2024-04-01 05:33:48"
16742331,"2024-04-01 05:49:12","2024-04-01 11:31:23"
21450301,"2024-04-01 09:53:19","2024-04-01 09:54:31"
22990301,"2024-04-01 09:57:07","2024-04-01 15:39:51"
3530401,"2024-04-01 10:09:23","2024-04-01 10:10:48"
4000601,"2024-04-01 12:11:01","2024-04-01 12:16:05"
14061101,"2024-04-01 17:43:41","2024-04-01 18:03:59"
4781201,"2024-04-01 18:16:09","2024-04-01 18:18:11"
11731301,"2024-04-01 19:26:11","2024-04-01 19:27:32"
22191301,"2024-04-01 19:53:06","2024-04-01 20:13:32"
26941501,"2024-04-01 22:55:01","2024-04-01 23:01:21"
45181801,"2024-04-02 00:52:56","2024-04-02 00:57:16"
22212201,"2024-04-02 04:54:38","2024-04-02 18:06:03"
24362201,"2024-04-02 04:58:43","2024-04-02 05:04:57"
10390102,"2024-04-02 07:54:23","2024-04-02 08:12:31"
2300402,"2024-04-02 10:06:01","2024-04-02 10:08:41"
4830602,"2024-04-02 12:13:41","2024-04-02 12:15:13"
1430702,"2024-04-02 13:03:14","2024-04-02 13:04:28"
470802,"2024-04-02 14:00:57","2024-04-02 14:03:52"
7640802,"2024-04-02 14:09:07","2024-04-02 23:21:10"
12560802,"2024-04-02 14:16:14","2024-04-02 14:24:44"
14490902,"2024-04-02 15:20:44","2024-04-02 15:21:56"
20670902,"2024-04-02 15:28:34","2024-04-02 15:29:42"
8301002,"2024-04-02 16:15:39","2024-04-02 16:35:46"
24771002,"2024-04-02 16:35:13","2024-04-02 16:38:20"
1701202,"2024-04-02 18:04:03","2024-04-02 18:52:16"
7141202,"2024-04-02 18:18:18","2024-04-02 18:19:51"
12521202,"2024-04-02 18:37:40","2024-04-02 18:52:01"
14931202,"2024-04-02 18:43:15","2024-04-02 18:44:23"
12191302,"2024-04-02 19:21:34","2024-04-02 19:22:19"
28021302,"2024-04-02 19:44:20","2024-04-02 19:56:58"
30201302,"2024-04-02 19:48:03","2024-04-02 20:27:07"
1301402,"2024-04-02 20:02:15","2024-04-02 20:08:51"
2301402,"2024-04-02 20:03:36","2024-04-02 20:05:53"
5811402,"2024-04-02 20:09:18","2024-04-02 20:18:22"
22751602,"2024-04-02 22:26:10","2024-04-02 23:29:27"
50341602,"2024-04-02 22:52:33","2024-04-02 22:54:27"
59681702,"2024-04-02 23:52:29","2024-04-02 23:56:18"
35371802,"2024-04-03 00:33:57","2024-04-03 00:54:04"
7682002,"2024-04-03 02:19:17","2024-04-03 15:35:59"
13222102,"2024-04-03 03:38:23","2024-04-03 03:42:45"
17352302,"2024-04-03 05:47:45","2024-04-03 05:49:03"
9890103,"2024-04-03 07:35:45","2024-04-03 07:37:59"
6820203,"2024-04-03 08:23:00","2024-04-03 14:21:35"
21390303,"2024-04-03 09:43:10","2024-04-03 09:45:39"
20810403,"2024-04-03 10:38:37","2024-04-03 13:44:24"
24020603,"2024-04-03 12:40:26","2024-04-03 12:42:16"
30910603,"2024-04-03 12:53:38","2024-04-03 12:55:58"
28510803,"2024-04-03 14:56:26","2024-04-03 15:03:37"
15080903,"2024-04-03 15:38:02","2024-04-03 15:39:57"
8121103,"2024-04-03 17:27:50","2024-04-03 17:28:56"
17501203,"2024-04-03 18:56:14","2024-04-03 18:59:26"
6421303,"2024-04-03 19:14:27","2024-04-03 19:22:17"
16311403,"2024-04-03 20:29:01","2024-04-03 20:40:10"
2471503,"2024-04-03 21:03:40","2024-04-03 21:04:17"
31641503,"2024-04-03 21:41:48","2024-04-03 21:58:12"
39081503,"2024-04-03 21:49:33","2024-04-03 22:38:15"
5681603,"2024-04-03 22:09:12","2024-04-03 22:14:08"
171803,"2024-04-04 00:00:53","2024-04-04 00:04:53"
12921803,"2024-04-04 00:15:50","2024-04-04 00:17:17"
27861803,"2024-04-04 00:32:14","2024-04-04 11:36:48"
21121903,"2024-04-04 01:31:58","2024-04-04 01:56:31"
14122103,"2024-04-04 03:47:44","2024-04-04 03:49:12"
9922203,"2024-04-04 04:28:40","2024-04-04 04:41:58"
5090004,"2024-04-04 06:25:12","2024-04-04 06:26:58"
1580204,"2024-04-04 08:06:54","2024-04-04 08:42:47"
3910304,"2024-04-04 09:11:49","2024-04-04 12:18:01"
9920304,"2024-04-04 09:29:28","2024-04-04 09:32:49"
14190404,"2024-04-04 10:36:42","2024-04-04 10:41:44"
24630504,"2024-04-04 11:57:36","2024-04-04 11:58:34"
16080704,"2024-04-04 13:38:29","2024-04-04 14:43:26"
2140804,"2024-04-04 14:05:44","2024-04-04 14:11:54"
11772303,"2024-04-04 14:57:38","2024-04-04 14:59:41"
4071104,"2024-04-04 17:08:02","2024-04-04 19:49:51"
4641104,"2024-04-04 17:09:18","2024-04-04 17:11:45"
3591204,"2024-04-04 18:08:14","2024-04-04 19:41:02"
1231304,"2024-04-04 19:02:36","2024-04-04 19:10:06"
9201504,"2024-04-04 21:13:49","2024-04-04 21:16:10"
43981704,"2024-04-04 23:30:04","2024-04-04 23:32:54"
55991704,"2024-04-04 23:37:45","2024-04-04 23:47:17"
54471804,"2024-04-05 00:34:47","2024-04-05 00:36:03"
8071904,"2024-04-05 01:07:47","2024-04-05 01:29:55"
12752304,"2024-04-05 05:29:55","2024-04-05 19:30:21"
19372304,"2024-04-05 05:48:38","2024-04-05 10:24:30"
24350505,"2024-04-05 11:51:56","2024-04-05 11:55:27"
760705,"2024-04-05 13:02:48","2024-04-05 13:04:20"
3810705,"2024-04-05 13:09:37","2024-04-05 13:10:32"
560805,"2024-04-05 14:01:50","2024-04-05 14:05:07"
21960905,"2024-04-05 15:36:26","2024-04-05 15:37:35"
30900905,"2024-04-05 15:52:13","2024-04-05 15:52:42"
20551005,"2024-04-05 16:47:27","2024-04-05 16:52:28"
23121005,"2024-04-05 16:52:40","2024-04-05 16:53:24"
441205,"2024-04-05 18:01:35","2024-04-05 21:40:38"
10791305,"2024-04-05 19:22:33","2024-04-05 19:30:32"
17431305,"2024-04-05 19:35:09","2024-04-05 20:25:36"
5171505,"2024-04-05 21:08:36","2024-04-05 21:10:01"
12951605,"2024-04-05 22:17:51","2024-04-05 22:22:26"
40351705,"2024-04-05 23:49:43","2024-04-05 23:51:41"
12131805,"2024-04-06 00:14:48","2024-04-06 14:07:48"
42301805,"2024-04-06 00:50:23","2024-04-06 00:52:12"
49481805,"2024-04-06 00:59:02","2024-04-06 17:01:10"
5441905,"2024-04-06 01:08:47","2024-04-06 01:09:32"
38781905,"2024-04-06 01:52:45","2024-04-06 01:54:23"
16782205,"2024-04-06 04:39:04","2024-04-06 04:43:03"
21872205,"2024-04-06 04:50:36","2024-04-06 04:52:50"
6442305,"2024-04-06 05:15:07","2024-04-06 05:18:40"
21442305,"2024-04-06 06:00:02","2024-04-06 11:26:11"
19990406,"2024-04-06 11:00:07","2024-04-06 11:02:48"
9150606,"2024-04-06 12:28:17","2024-04-06 12:30:27"
3520806,"2024-04-06 14:08:23","2024-04-06 14:13:07"
14400906,"2024-04-06 15:34:09","2024-04-06 15:34:45"
681006,"2024-04-06 16:02:12","2024-04-06 16:14:06"
11161106,"2024-04-06 17:35:30","2024-04-06 17:36:46"
21541106,"2024-04-06 17:58:41","2024-04-06 18:01:10"
19141306,"2024-04-06 19:32:10","2024-04-06 19:36:48"
15821406,"2024-04-06 20:26:07","2024-04-06 20:26:47"
8631506,"2024-04-06 21:13:22","2024-04-06 22:07:27"
25491606,"2024-04-06 22:35:59","2024-04-06 22:37:19"
4661706,"2024-04-06 23:06:26","2024-04-06 23:12:59"
28471906,"2024-04-07 01:38:04","2024-04-07 13:13:34"
7832006,"2024-04-07 02:18:10","2024-04-07 02:18:57"
12692006,"2024-04-07 02:27:48","2024-04-07 08:03:25"
9822106,"2024-04-07 03:29:35","2024-04-07 03:30:24"
9872106,"2024-04-07 03:30:23","2024-04-07 03:51:55"
15260207,"2024-04-07 08:47:52","2024-04-07 11:04:24"
23560907,"2024-04-07 15:36:41","2024-04-07 15:38:39"
3731007,"2024-04-07 16:07:19","2024-04-07 16:08:00"
3791107,"2024-04-07 17:09:52","2024-04-07 17:37:10"
14291207,"2024-04-07 18:41:03","2024-04-07 18:50:56"
23351207,"2024-04-07 19:00:06","2024-04-07 19:02:45"
38741307,"2024-04-07 20:00:24","2024-04-07 20:01:37"
7751407,"2024-04-07 20:11:40","2024-04-07 20:18:59"
10671507,"2024-04-07 21:13:32","2024-04-07 21:20:41"
29281507,"2024-04-07 21:35:06","2024-04-07 21:40:18"
37941507,"2024-04-07 21:43:59","2024-04-07 21:49:23"
7541807,"2024-04-08 00:09:11","2024-04-08 01:17:03"
3111907,"2024-04-08 01:03:40","2024-04-08 01:06:40"
21082307,"2024-04-08 05:42:06","2024-04-08 05:43:01"
25002307,"2024-04-08 05:52:26","2024-04-08 05:54:03"
890008,"2024-04-08 06:03:42","2024-04-08 13:33:21"
8460008,"2024-04-08 06:28:21","2024-04-08 06:33:46"
13300008,"2024-04-08 06:48:28","2024-04-08 09:53:20"
13280608,"2024-04-08 12:30:08","2024-04-08 12:31:01"
24170708,"2024-04-08 13:44:09","2024-04-08 13:48:19"
29021008,"2024-04-08 17:00:05","2024-04-08 17:00:48"
3651108,"2024-04-08 17:10:22","2024-04-08 17:27:52"
12151308,"2024-04-08 19:22:13","2024-04-08 19:25:53"
24451308,"2024-04-08 19:42:36","2024-04-08 19:43:34"
16721508,"2024-04-08 21:25:12","2024-04-08 22:03:50"
1851608,"2024-04-08 22:02:15","2024-04-08 22:05:13"
60861608,"2024-04-08 22:55:07","2024-04-08 22:57:45"
63041608,"2024-04-08 22:57:11","2024-04-08 22:58:36"
62981608,"2024-04-08 22:57:21","2024-04-08 23:05:10"
24191708,"2024-04-08 23:21:29","2024-04-08 23:23:31"
62171808,"2024-04-09 00:54:39","2024-04-09 00:56:36"
68261808,"2024-04-09 00:59:32","2024-04-09 01:01:08"
37651908,"2024-04-09 01:41:18","2024-04-09 01:43:12"
46951908,"2024-04-09 01:52:44","2024-04-09 01:53:38"
19222008,"2024-04-09 02:33:30","2024-04-09 02:38:46"
23392108,"2024-04-09 03:59:00","2024-04-09 10:22:01"
12302208,"2024-04-09 04:25:44","2024-04-09 13:59:57"
28752208,"2024-04-09 04:56:42","2024-04-09 14:23:07"
22830609,"2024-04-09 12:50:01","2024-04-09 15:07:22"
25530609,"2024-04-09 12:56:17","2024-04-09 12:56:46"
9650809,"2024-04-09 14:20:34","2024-04-09 14:23:04"
18631009,"2024-04-09 16:38:33","2024-04-09 16:50:22"
9291209,"2024-04-09 18:19:34","2024-04-09 18:20:47"
31201309,"2024-04-09 19:45:51","2024-04-09 19:48:12"
20781409,"2024-04-09 20:30:55","2024-04-09 20:31:44"
43071409,"2024-04-09 20:59:45","2024-04-09 21:01:01"
4391609,"2024-04-09 22:04:27","2024-04-09 22:07:42"
26341609,"2024-04-09 22:23:24","2024-04-09 22:24:53"
56851609,"2024-04-09 22:49:11","2024-04-09 22:56:42"
70361709,"2024-04-09 23:55:19","2024-04-09 23:55:51"
13391809,"2024-04-10 00:11:43","2024-04-10 00:13:20"
21881809,"2024-04-10 00:17:37","2024-04-10 05:55:27"
59481809,"2024-04-10 00:43:21","2024-04-10 00:46:10"
84501809,"2024-04-10 00:59:23","2024-04-10 01:00:08"
7401909,"2024-04-10 01:03:40","2024-04-10 01:12:00"
43291909,"2024-04-10 01:17:49","2024-04-10 01:21:38"
67631909,"2024-04-10 01:29:02","2024-04-10 01:30:10"
85591909,"2024-04-10 01:37:13","2024-04-10 01:39:18"
104331909,"2024-04-10 01:45:42","2024-04-10 01:47:43"
125251909,"2024-04-10 01:58:43","2024-04-10 01:59:31"
127411909,"2024-04-10 02:00:47","2024-04-10 02:02:16"
26592109,"2024-04-10 03:51:56","2024-04-10 03:52:56"
33102209,"2024-04-10 05:00:31","2024-04-10 09:55:37"
12932309,"2024-04-10 05:26:48","2024-04-10 05:54:27"
17822309,"2024-04-10 05:37:42","2024-04-10 05:43:00"
6620210,"2024-04-10 08:19:58","2024-04-10 08:27:02"
13210310,"2024-04-10 09:32:47","2024-04-10 09:50:13"
31550410,"2024-04-10 10:58:16","2024-04-10 11:04:16"
240510,"2024-04-10 11:01:09","2024-04-10 12:16:32"
20080710,"2024-04-10 13:47:32","2024-04-10 13:49:55"
23350910,"2024-04-10 15:53:50","2024-04-10 15:55:33"
29001610,"2024-04-10 22:42:08","2024-04-10 22:44:34"
25641710,"2024-04-10 23:24:47","2024-04-10 23:26:40"
35001710,"2024-04-10 23:33:39","2024-04-10 23:36:42"
28681810,"2024-04-11 00:26:21","2024-04-11 00:28:20"
1301910,"2024-04-11 01:01:35","2024-04-11 01:04:59"
38642010,"2024-04-11 02:39:28","2024-04-11 02:42:40"
22662110,"2024-04-11 03:37:02","2024-04-11 03:49:15"
20380011,"2024-04-11 06:46:37","2024-04-11 11:15:22"
12530311,"2024-04-11 09:19:52","2024-04-11 09:22:55"
27270311,"2024-04-11 09:40:05","2024-04-11 09:42:51"
8271211,"2024-04-11 18:18:22","2024-04-11 18:19:55"
16651411,"2024-04-11 20:32:37","2024-04-11 20:35:37"
27341411,"2024-04-11 20:49:24","2024-04-11 21:00:00"
26941611,"2024-04-11 22:27:19","2024-04-11 22:34:26"
50961611,"2024-04-11 22:53:00","2024-04-11 22:59:12"
40881611,"2024-04-11 23:35:04","2024-04-11 23:53:08"
50821811,"2024-04-12 00:40:22","2024-04-12 00:41:28"
53031811,"2024-04-12 00:41:41","2024-04-12 01:04:07"
80631811,"2024-04-12 01:00:09","2024-04-12 01:02:18"
13881911,"2024-04-12 01:09:52","2024-04-12 01:12:56"
30511911,"2024-04-12 01:22:41","2024-04-12 01:25:48"
37061911,"2024-04-12 01:27:35","2024-04-12 01:28:47"
68001911,"2024-04-12 01:55:07","2024-04-12 01:57:39"
8220012,"2024-04-12 06:23:59","2024-04-12 08:43:36"
9880012,"2024-04-12 06:26:56","2024-04-12 06:30:18"
13090012,"2024-04-12 06:33:40","2024-04-12 06:35:42"
16120112,"2024-04-12 07:34:39","2024-04-12 08:04:34"
21620112,"2024-04-12 07:44:21","2024-04-12 07:50:30"
5120212,"2024-04-12 08:08:20","2024-04-12 08:11:02"
7840212,"2024-04-12 08:11:53","2024-04-12 08:16:28"
13320212,"2024-04-12 08:19:45","2024-04-12 08:21:12"
30390212,"2024-04-12 08:46:06","2024-04-12 08:51:25"
32490212,"2024-04-12 08:50:01","2024-04-12 08:52:24"
6130312,"2024-04-12 09:10:31","2024-04-12 09:12:07"
14500312,"2024-04-12 09:23:04","2024-04-12 09:29:50"
5080512,"2024-04-12 11:09:54","2024-04-12 11:11:32"
12390512,"2024-04-12 11:19:10","2024-04-12 11:21:40"
25440512,"2024-04-12 11:43:42","2024-04-12 11:44:18"
31400512,"2024-04-12 11:54:18","2024-04-12 11:56:08"
1520612,"2024-04-12 12:04:00","2024-04-12 12:05:31"
2280812,"2024-04-12 14:07:23","2024-04-12 14:24:30"
4401012,"2024-04-12 16:08:46","2024-04-12 16:12:46"
8811012,"2024-04-12 16:17:34","2024-04-12 16:19:05"
16431212,"2024-04-12 18:33:23","2024-04-12 18:34:45"
21751212,"2024-04-12 18:44:19","2024-04-12 18:51:26"
22671212,"2024-04-12 18:45:13","2024-04-12 18:50:34"
9621312,"2024-04-12 19:18:55","2024-04-12 19:21:23"
15191312,"2024-04-12 19:30:09","2024-04-12 19:35:03"
12891512,"2024-04-12 21:21:16","2024-04-12 21:23:26"
27111512,"2024-04-12 21:43:36","2024-04-12 21:45:03"
31841612,"2024-04-12 22:33:16","2024-04-12 22:53:57"
51321612,"2024-04-12 22:49:15","2024-04-12 23:01:59"
3971812,"2024-04-13 00:03:29","2024-04-13 00:05:56"
19791812,"2024-04-13 00:13:10","2024-04-13 00:13:48"
99621812,"2024-04-13 00:51:18","2024-04-13 14:46:07"
45151912,"2024-04-13 01:24:04","2024-04-13 01:25:00"
47801912,"2024-04-13 01:25:47","2024-04-13 01:28:54"
86181912,"2024-04-13 01:56:46","2024-04-13 15:18:12"
8522112,"2024-04-13 03:20:04","2024-04-13 13:02:30"
34310013,"2024-04-13 06:55:41","2024-04-13 06:57:20"
12910213,"2024-04-13 08:24:18","2024-04-13 08:32:40"
23730313,"2024-04-13 09:34:14","2024-04-13 09:36:43"
20660413,"2024-04-13 10:26:46","2024-04-13 12:35:20"
12830513,"2024-04-13 11:16:33","2024-04-13 11:17:35"
8790613,"2024-04-13 12:20:18","2024-04-13 12:22:00"
24530713,"2024-04-13 13:46:36","2024-04-13 13:51:03"
13060913,"2024-04-13 15:33:56","2024-04-13 15:40:35"
8931213,"2024-04-13 18:21:45","2024-04-13 18:32:10"
79341713,"2024-04-13 23:52:30","2024-04-13 23:54:41"
27401813,"2024-04-14 00:18:43","2024-04-14 00:22:30"
482313,"2024-04-14 05:01:59","2024-04-14 05:03:00"
6432313,"2024-04-14 05:38:43","2024-04-14 05:43:58"
12710014,"2024-04-14 06:42:30","2024-04-14 06:49:39"
11920214,"2024-04-14 08:29:04","2024-04-14 08:30:34"
2581314,"2024-04-14 19:05:02","2024-04-14 20:45:08"
7401314,"2024-04-14 19:22:42","2024-04-14 19:28:43"
23651314,"2024-04-14 19:42:28","2024-04-14 19:46:03"
27361314,"2024-04-14 19:49:05","2024-04-14 19:52:17"
31011314,"2024-04-14 19:55:13","2024-04-14 19:56:12"
2091414,"2024-04-14 20:55:20","2024-04-14 20:56:45"
13511514,"2024-04-14 21:18:01","2024-04-14 21:19:18"
22181514,"2024-04-14 21:28:28","2024-04-14 21:36:04"
13131614,"2024-04-14 22:13:13","2024-04-14 22:15:18"
42041814,"2024-04-15 00:36:31","2024-04-15 00:40:34"
7491914,"2024-04-15 01:09:12","2024-04-15 01:29:07"
29511914,"2024-04-15 01:34:18","2024-04-15 01:37:10"
7030615,"2024-04-15 12:17:07","2024-04-15 12:19:33"
2491215,"2024-04-15 18:06:53","2024-04-15 18:11:29"
13521315,"2024-04-15 19:35:13","2024-04-15 19:36:18"
21821615,"2024-04-15 22:34:11","2024-04-15 22:35:40"
48091815,"2024-04-16 00:55:02","2024-04-16 06:27:22"
19652015,"2024-04-16 02:53:11","2024-04-16 03:33:36"
21720316,"2024-04-16 09:58:54","2024-04-16 11:31:08"
51831817,"2024-04-18 00:31:58","2024-04-18 13:09:02"
